Account No,Hour,DayOfWeek,DayOfMonth,MonthOfYear,Third Party Name,Amount,Prediction,Risk Category
104832000.0,12,6,28,5,tesco,125.81,-1.0,Low Risk
105375973.0,1,6,29,1,sainsburylocal,16.25,-1.0,Low Risk
108481285.0,4,0,30,10,etsy,67.35,-1.0,Medium Risk
108563213.0,10,6,2,7,matalan,333.15999999999997,-1.0,Medium Risk
108563213.0,14,6,2,7,matalan,218.39,-1.0,Low Risk
108563213.0,16,5,11,11,matalan,298.17,-1.0,Medium Risk
108563213.0,19,0,2,10,tesco,103.0,-1.0,Low Risk
108563213.0,19,1,31,1,tesco,64.36,-1.0,Low Risk
108812033.0,15,6,8,1,tesco,110.4,-1.0,Low Risk
108931112.0,20,2,1,2,tesco,120.02,-1.0,Low Risk
108931112.0,21,5,1,4,deliveroo,32.82,-1.0,Low Risk
116598243.0,1,0,30,10,deliveroo,14.78,-1.0,Low Risk
116598243.0,9,6,18,6,fatface,375.2,-1.0,Medium Risk
116598243.0,10,6,18,6,topshop,402.5,-1.0,Medium Risk
116598243.0,16,4,1,12,tesco,55.82,-1.0,Low Risk
116598243.0,21,3,2,11,tesco,43.24,-1.0,Low Risk
117273481.0,2,6,1,10,lloydspharmacy,18.93,-1.0,Low Risk
117273481.0,12,6,1,1,tesco,83.86,-1.0,Low Risk
117273481.0,14,6,22,10,sainsbury,237.41,-1.0,Medium Risk
117308635.0,10,6,29,1,cex,110.19,-1.0,Low Risk
117308635.0,22,0,2,1,thecrown,6.5,-1.0,Low Risk
119943495.0,10,6,1,1,blackwell's,19.97,-1.0,Low Risk
120634201.0,20,2,1,2,tesco,81.04,-1.0,Low Risk
120634201.0,21,3,30,11,fittedstitch,25.29,-1.0,Low Risk
121858569.0,8,1,31,1,tesco,150.54,-1.0,Low Risk
122884111.0,5,0,1,5,deliveroo,24.89,-1.0,Low Risk
124102251.0,13,6,3,12,revella,200.2,-1.0,Low Risk
124102251.0,15,6,3,12,revella,221.9,-1.0,Low Risk
124377686.0,3,5,27,5,deliveroo,25.78,-1.0,Low Risk
126929801.0,6,4,31,3,amazon,29.36,-1.0,Low Risk
128033695.0,10,0,16,1,gamestation,149.97,-1.0,Low Risk
129018172.0,9,0,30,1,tesco,260.21,-1.0,Medium Risk
129018172.0,19,0,2,1,tesco,184.0,-1.0,Medium Risk
130154096.0,19,0,9,1,tesco,153.1,-1.0,Low Risk
131388684.0,11,6,5,11,topshop,252.0,-1.0,Low Risk
131388684.0,17,4,28,7,fatface,236.6,-1.0,Low Risk
131388684.0,23,4,25,8,mamas&papas,190.0,-1.0,Low Risk
132400709.0,19,0,2,1,tesco,114.01,-1.0,Low Risk
133755851.0,16,0,30,10,topshop,265.46999999999997,-1.0,Low Risk
134847904.0,9,0,31,7,tesco,276.79,-1.0,Medium Risk
134847904.0,20,1,31,1,tesco,291.03,-1.0,High Risk
135937041.0,15,6,29,1,sainsburylocal,7.99,-1.0,Low Risk
136770968.0,16,0,2,1,tesco,121.77,-1.0,Low Risk
137822385.0,1,0,4,9,boots,21.47,-1.0,Medium Risk
137822385.0,15,6,26,3,fatface,199.0,-1.0,Low Risk
137913631.0,20,0,27,2,tesco,134.48,-1.0,Low Risk
141521177.0,13,6,19,11,selfridges,240.09,-1.0,Medium Risk
143003091.0,9,6,1,1,blackwell's,9.98,-1.0,Low Risk
143003091.0,13,5,28,1,sportsdirect,299.97,-1.0,High Risk
143003091.0,17,6,29,1,cooplocal,40.02,-1.0,Low Risk
143383029.0,18,1,28,11,justeat,37.32,-1.0,Medium Risk
143383029.0,19,0,26,6,justeat,33.51,-1.0,Low Risk
145387690.0,15,6,19,11,revella,249.2,-1.0,Low Risk
146686559.0,13,6,19,11,tesco,96.5,-1.0,Low Risk
146909202.0,7,3,30,11,topshop,83.38,-1.0,Low Risk
146909202.0,10,5,7,1,matalan,128.09,-1.0,Low Risk
146909202.0,12,6,3,12,topshop,1.46,-1.0,Low Risk
146909202.0,17,0,30,1,sportsdirect,91.97,-1.0,Low Risk
146909202.0,17,4,1,12,sportsdirect,131.57,-1.0,Low Risk
146909202.0,19,3,2,11,revella,143.49,-1.0,Low Risk
147474476.0,1,0,25,9,fatface,34.39,-1.0,Low Risk
149684419.0,17,6,1,10,revella,179.99,-1.0,Low Risk
149684419.0,18,6,19,3,revella,173.97,-1.0,Low Risk
149684419.0,20,1,7,11,tesco,46.64,-1.0,Low Risk
151278285.0,2,4,10,3,deliveroo,22.95,-1.0,Low Risk
151278285.0,16,4,1,12,sportsdirect,5.99,-1.0,Low Risk
151278285.0,17,6,26,2,matalan,157.47,-1.0,Low Risk
151916463.0,14,0,2,10,matalan,340.9,-1.0,Medium Risk
151968462.0,16,6,23,4,topshop,271.6,-1.0,Medium Risk
152488934.0,18,0,30,10,tesco,42.99,-1.0,Low Risk
154246234.0,13,5,4,11,matalan,278.6,-1.0,Low Risk
155867488.0,10,0,2,1,theworks,15.97,-1.0,Low Risk
155867488.0,18,0,4,12,hobbylobby,40.97,-1.0,Low Risk
158414827.0,18,0,1,5,fatface,140.0,-1.0,Low Risk
162370388.0,8,3,30,11,tesco,19.48,-1.0,Low Risk
162370388.0,12,3,2,11,tesco,37.79,-1.0,Low Risk
162370388.0,13,0,23,1,tesco,32.5,-1.0,Low Risk
162370388.0,13,6,28,5,tesco,107.23,-1.0,Low Risk
165045150.0,18,4,30,6,deliveroo,20.44,-1.0,Low Risk
166019891.0,2,0,4,12,matalan,73.62,-1.0,Low Risk
166019891.0,12,5,6,5,fatface,257.6,-1.0,Low Risk
166019891.0,20,4,1,12,tesco,31.47,-1.0,Low Risk
169006407.0,0,6,3,12,looselyfitted,0.58,-1.0,Low Risk
169006407.0,20,0,6,3,tesco,199.02,-1.0,Medium Risk
170637730.0,13,0,22,5,fatface,273.7,-1.0,Medium Risk
170637730.0,16,0,6,11,topshop,270.17,-1.0,Low Risk
173317688.0,0,6,5,3,justeat,46.94,-1.0,Medium Risk
175452235.0,12,4,1,12,tesco,26.6,-1.0,Low Risk
176922958.0,19,5,2,12,tesco,27.3,-1.0,Low Risk
179173981.0,22,0,2,1,thecrown,5.2,-1.0,Low Risk
180616589.0,17,4,24,3,matalan,291.2,-1.0,Medium Risk
180616589.0,17,6,4,6,fatface,206.5,-1.0,Low Risk
183186021.0,20,0,2,1,tesco,90.47,-1.0,Low Risk
183888402.0,16,0,16,1,revella,212.99,-1.0,Low Risk
183888402.0,19,0,2,1,tesco,81.34,-1.0,Low Risk
187111705.0,12,0,4,9,topshop,264.6,-1.0,Low Risk
187111705.0,20,0,13,3,sainsburylocal,52.51,-1.0,Low Risk
187541224.0,20,0,6,3,tesco,76.17,-1.0,Low Risk
187541224.0,22,6,3,12,fatface,48.79,-1.0,Low Risk
189757473.0,2,5,1,7,justeat,26.89,-1.0,Low Risk
191161970.0,4,0,30,1,deliveroo,27.89,-1.0,Low Risk
191992682.0,16,6,1,1,thecrown,8.75,-1.0,Low Risk
194023154.0,12,6,5,3,tesco,136.2,-1.0,Low Risk
194023154.0,13,5,29,4,tesco,134.76,-1.0,Low Risk
195895574.0,9,5,11,3,revella,177.09,-1.0,Low Risk
195895574.0,10,4,24,11,matalan,188.29,-1.0,Low Risk
195895574.0,10,6,26,11,revella,221.87,-1.0,Low Risk
196289502.0,7,1,3,1,starbucks,3.6,-1.0,Low Risk
196289502.0,8,1,31,1,tesco,83.07,-1.0,Low Risk
196289502.0,10,6,19,3,sportsdirect,149.97,-1.0,Low Risk
196289502.0,11,5,7,1,sportsdirect,131.98,-1.0,Low Risk
196289502.0,15,6,2,4,fatface,230.96,-1.0,Low Risk
198051483.0,6,1,6,6,visionexpress,220.0,-1.0,Low Risk
198946608.0,8,0,2,1,tesco,105.99,-1.0,Low Risk
199016328.0,17,1,31,1,theworks,21.97,-1.0,Low Risk
200080192.0,1,0,4,9,matalan,11.31,-1.0,Low Risk
200080192.0,2,0,2,10,cooplocal,18.64,-1.0,Low Risk
200080192.0,4,2,29,3,justeat,11.69,-1.0,Low Risk
200080192.0,17,2,4,10,selfridges,233.06,-1.0,Medium Risk
200080192.0,17,4,31,3,fatface,146.27,-1.0,Low Risk
202320275.0,19,0,16,10,sainsburylocal,61.79,-1.0,Low Risk
203466392.0,2,6,1,10,sainsburylocal,7.77,-1.0,Low Risk
203466392.0,8,6,29,10,matalan,65.69,-1.0,Low Risk
203466392.0,17,1,10,1,fatface,165.0,-1.0,Low Risk
203466392.0,18,0,30,1,topshop,25.0,-1.0,Low Risk
203466392.0,19,0,30,10,tesco,72.17,-1.0,Low Risk
204855464.0,12,6,29,1,sportsdirect,35.0,-1.0,Low Risk
212560376.0,10,1,1,8,revella,357.0,-1.0,Medium Risk
212560376.0,12,1,1,8,revella,270.9,-1.0,Low Risk
213112754.0,18,2,2,8,fatface,177.1,-1.0,Low Risk
213930646.0,8,0,2,10,tesco,60.61,-1.0,Low Risk
213930646.0,13,6,3,9,tesco,142.68,-1.0,Low Risk
213930646.0,13,6,24,9,tesco,145.93,-1.0,Low Risk
214339619.0,13,5,4,2,revella,221.48,-1.0,Low Risk
214339619.0,18,6,29,1,tesco,21.82,-1.0,Low Risk
214339619.0,20,0,31,7,tesco,73.6,-1.0,Low Risk
215426302.0,13,0,4,12,topshop,263.89,-1.0,Low Risk
216285378.0,10,6,20,8,sportsdirect,235.33,-1.0,Medium Risk
216286013.0,19,1,21,11,tesco,149.05,-1.0,Low Risk
217540156.0,10,5,14,1,tesco,179.84,-1.0,Medium Risk
220183538.0,8,1,18,7,tesco,130.57,-1.0,Low Risk
220183538.0,8,3,30,11,tesco,60.01,-1.0,Low Risk
220183538.0,9,2,27,9,tesco,89.5,-1.0,Low Risk
220183538.0,19,0,3,7,tesco,129.56,-1.0,Low Risk
220183538.0,19,2,31,5,tesco,150.76,-1.0,Low Risk
221868392.0,10,6,29,1,revella,204.98,-1.0,Low Risk
221868392.0,14,5,4,2,fatface,219.47,-1.0,Low Risk
221868392.0,17,1,10,1,tesco,85.47,-1.0,Low Risk
221868392.0,17,4,28,4,sportsdirect,127.98,-1.0,Low Risk
223207876.0,0,1,30,5,justeat,35.4,-1.0,Medium Risk
224524792.0,18,3,16,11,tesco,30.88,-1.0,Low Risk
224524792.0,19,0,10,7,tesco,115.61,-1.0,Low Risk
226703987.0,11,6,19,11,topshop,180.57,-1.0,Low Risk
234952520.0,17,2,25,1,tesco,156.09,-1.0,Medium Risk
235663459.0,20,0,2,1,tesco,60.81,-1.0,Low Risk
235881534.0,17,0,2,1,theworks,9.98,-1.0,Low Risk
235881534.0,17,0,10,7,matalan,244.3,-1.0,Low Risk
237493332.0,18,0,2,1,tesco,25.9,-1.0,Low Risk
237493332.0,20,0,20,3,amazon,29.81,-1.0,Medium Risk
237684254.0,10,0,1,5,fatface,219.1,-1.0,Low Risk
237684254.0,11,0,1,5,topshop,282.09,-1.0,Medium Risk
237684254.0,17,5,21,1,sainsburylocal,7.12,-1.0,Low Risk
241459011.0,10,5,14,1,gamestation,149.97,-1.0,Low Risk
242218612.0,8,0,27,11,tesco,15.6,-1.0,Low Risk
242218612.0,20,0,23,10,tesco,49.81,-1.0,Low Risk
242218612.0,20,4,27,1,tesco,142.52,-1.0,Low Risk
245690309.0,18,4,18,8,matalan,231.0,-1.0,Low Risk
246753533.0,14,6,8,1,fatface,151.48,-1.0,Low Risk
248625662.0,8,5,18,3,tesco,291.57,-1.0,High Risk
248625662.0,19,0,30,10,tesco,68.09,-1.0,Low Risk
248658670.0,19,3,30,11,tesco,16.56,-1.0,Low Risk
248658670.0,20,2,1,11,tesco,27.02,-1.0,Low Risk
250895529.0,15,6,3,12,tesco,152.3,-1.0,Low Risk
252419513.0,4,4,1,12,deliveroo,34.99,-1.0,Low Risk
252701364.0,8,0,4,12,tesco,42.64,-1.0,Low Risk
252760664.0,4,6,2,7,sainsbury,1.17,-1.0,Low Risk
252760664.0,6,6,3,12,fatface,9.77,-1.0,Low Risk
252760664.0,9,1,28,11,sportsdirect,207.82,-1.0,Medium Risk
252760664.0,16,6,2,7,sportsdirect,175.15,-1.0,Medium Risk
252760664.0,20,2,6,12,amazon,59.13,-1.0,Medium Risk
252964502.0,5,1,31,10,deliveroo,28.39,-1.0,Low Risk
252964502.0,18,3,23,11,deliveroo,26.7,-1.0,Low Risk
254853117.0,13,6,26,2,tesco,284.32,-1.0,High Risk
255814263.0,15,6,1,1,tesco,127.14,-1.0,Low Risk
255814263.0,21,0,2,1,thecrown,6.5,-1.0,Low Risk
256002321.0,9,3,30,11,tesco,106.15,-1.0,Low Risk
256002321.0,10,0,2,1,blackwell's,47.94,-1.0,Medium Risk
256002321.0,13,0,13,3,jdsports,199.98,-1.0,Medium Risk
258201793.0,19,1,23,5,tesco,205.12,-1.0,Medium Risk
259015404.0,9,5,9,9,matalan,210.0,-1.0,Low Risk
259015404.0,11,4,19,5,looselyfitted,268.8,-1.0,Medium Risk
259015404.0,13,0,25,9,matalan,276.5,-1.0,Low Risk
259015404.0,13,2,4,1,fatface,191.0,-1.0,Low Risk
259015404.0,15,1,6,6,topshop,250.6,-1.0,Low Risk
259015404.0,17,0,25,9,matalan,250.6,-1.0,Low Risk
259015404.0,18,0,30,1,deliveroo,40.94,-1.0,Medium Risk
262767079.0,0,5,10,6,deliveroo,43.73,-1.0,Medium Risk
263882093.0,18,6,26,11,justeat,41.19,-1.0,Medium Risk
264208990.0,15,6,19,3,revella,218.5,-1.0,Low Risk
264550521.0,9,4,24,11,matalan,231.0,-1.0,Low Risk
264550521.0,10,0,6,2,topshop,231.0,-1.0,Low Risk
264550521.0,10,0,20,2,matalan,187.6,-1.0,Low Risk
264550521.0,10,0,20,2,topshop,198.1,-1.0,Low Risk
264550521.0,11,0,2,10,topshop,231.0,-1.0,Low Risk
270374623.0,2,6,3,12,tesco,56.14,-1.0,Low Risk
270374623.0,10,4,16,6,looselyfitted,263.2,-1.0,Medium Risk
270374623.0,12,5,16,9,revella,302.4,-1.0,Medium Risk
272538745.0,16,5,1,4,revella,231.0,-1.0,Low Risk
272538745.0,16,6,5,11,blackwell's,30.95,-1.0,Medium Risk
272538745.0,18,1,22,8,revella,284.2,-1.0,Medium Risk
274818272.0,15,0,30,1,fivesensesart,1.5,-1.0,Low Risk
274818272.0,16,0,13,11,tesco,153.22,-1.0,Low Risk
277562576.0,18,0,30,1,hobbylobby,16.98,-1.0,Low Risk
277562576.0,19,1,7,2,tesco,151.59,-1.0,Low Risk
277562576.0,20,1,11,7,tesco,196.48,-1.0,Medium Risk
279149837.0,19,5,29,7,tesco,160.31,-1.0,Medium Risk
280130290.0,21,4,6,1,thecrown,5.3,-1.0,Low Risk
280268430.0,18,0,26,6,tesco,279.93,-1.0,Medium Risk
280990953.0,17,4,20,1,fittedstitch,231.0,-1.0,Medium Risk
280990953.0,23,6,1,1,thecrown,9.0,-1.0,Medium Risk
282046994.0,3,6,14,5,deliveroo,43.43,-1.0,Medium Risk
282046994.0,11,6,19,11,tesco,135.93,-1.0,Low Risk
282102606.0,7,3,26,1,topshop,1.56,-1.0,Low Risk
282837512.0,10,6,14,5,revella,268.1,-1.0,Low Risk
282837512.0,13,6,1,1,blackwell's,10.98,-1.0,Low Risk
282837512.0,19,1,5,12,deliveroo,31.5,-1.0,Low Risk
282837512.0,19,1,30,5,selfridges,3.7,-1.0,Low Risk
282837512.0,19,2,25,1,tesco,89.89,-1.0,Low Risk
282837512.0,20,0,13,3,tesco,81.14,-1.0,Low Risk
285220959.0,9,0,4,12,fatface,248.5,-1.0,Low Risk
285428103.0,17,0,30,1,reebok,62.99,-1.0,Low Risk
285428103.0,20,4,1,12,tesco,29.79,-1.0,Low Risk
285873880.0,21,6,1,1,rose&crown,7.5,-1.0,Low Risk
285873880.0,21,6,12,11,etsy,3.11,-1.0,Low Risk
287230540.0,1,0,14,8,tesco,31.68,-1.0,Low Risk
287230540.0,17,0,6,3,sportsdirect,224.98,-1.0,Medium Risk
287480331.0,10,2,22,2,topshop,169.5,-1.0,Low Risk
287480331.0,10,5,12,8,fatface,286.3,-1.0,Medium Risk
287480331.0,15,3,5,10,matalan,249.2,-1.0,Low Risk
287480331.0,18,5,12,8,fatface,298.2,-1.0,Medium Risk
290818242.0,16,6,3,12,topshop,466.20000000000005,-1.0,High Risk
290818242.0,17,6,3,12,matalan,164.5,-1.0,Low Risk
291128777.0,8,5,25,11,tesco,33.57,-1.0,Low Risk
293609137.0,8,1,31,10,tesco,160.92,-1.0,Medium Risk
297823329.0,8,0,1,5,starbucks,5.4,-1.0,Low Risk
298000165.0,4,6,1,10,sainsburylocal,36.34,-1.0,Low Risk
298000165.0,17,1,9,5,topshop,333.9,-1.0,Medium Risk
298000165.0,18,0,2,1,thecrown,5.2,-1.0,Low Risk
298007503.0,4,0,27,11,justeat,37.82,-1.0,Medium Risk
298007503.0,5,0,30,10,deliveroo,36.44,-1.0,Medium Risk
298007503.0,13,6,1,1,tesco,99.65,-1.0,Low Risk
299652176.0,19,0,2,1,kingsarms,3.5,-1.0,Low Risk
299652176.0,20,0,2,1,kingsarms,5.9,-1.0,Medium Risk
303843160.0,3,0,18,9,deliveroo,19.64,-1.0,Low Risk
303843160.0,17,0,30,1,tesco,139.16,-1.0,Low Risk
304455868.0,10,5,18,3,looselyfitted,283.5,-1.0,Medium Risk
304455868.0,10,6,22,10,looselyfitted,235.19,-1.0,Low Risk
304455868.0,11,4,1,9,looselyfitted,219.76,-1.0,Low Risk
304455868.0,17,4,1,9,looselyfitted,280.67,-1.0,Medium Risk
305778936.0,8,2,25,1,tesco,154.89,-1.0,Medium Risk
305778936.0,16,1,28,11,matalan,285.59,-1.0,Low Risk
305778936.0,19,6,2,4,revella,3.36,-1.0,Low Risk
305778936.0,19,6,3,12,amazon,22.47,-1.0,Low Risk
308068836.0,18,0,2,10,justeat,40.69,-1.0,Medium Risk
308068836.0,20,0,3,7,tesco,86.25,-1.0,Low Risk
308505160.0,8,2,29,11,tesco,160.5,-1.0,Medium Risk
308505160.0,19,4,31,3,looselyfitted,99.48,-1.0,Low Risk
308505160.0,19,5,28,1,justeat,40.1,-1.0,Medium Risk
308505160.0,20,5,21,1,tesco,76.93,-1.0,Low Risk
310375875.0,16,5,1,4,topshop,296.8,-1.0,Medium Risk
310375875.0,18,0,13,2,topshop,254.1,-1.0,Low Risk
310620484.0,9,5,28,1,gamestation,100.08,-1.0,Low Risk
310620484.0,16,0,20,2,topshop,366.79,-1.0,Medium Risk
310740977.0,3,5,2,9,amazon,4.47,-1.0,Low Risk
310740977.0,3,6,27,8,deliveroo,19.99,-1.0,Low Risk
311467864.0,19,3,26,1,sainsburylocal,147.49,-1.0,Medium Risk
314980178.0,8,0,2,1,tesco,36.05,-1.0,Low Risk
314980178.0,19,0,31,7,tesco,153.38,-1.0,Low Risk
315078351.0,20,0,4,12,deliveroo,39.13,-1.0,Medium Risk
315546581.0,8,3,30,11,tesco,120.67,-1.0,Low Risk
317161035.0,9,2,1,2,tesco,262.39,-1.0,Medium Risk
317161035.0,18,4,31,3,justeat,34.93,-1.0,Low Risk
322221939.0,8,0,13,11,tesco,168.71,-1.0,Medium Risk
324224854.0,16,6,30,4,matalan,340.15999999999997,-1.0,Medium Risk
329840194.0,5,4,29,9,deliveroo,40.18,-1.0,Medium Risk
329840194.0,17,2,31,5,tesco,157.88,-1.0,Medium Risk
331048953.0,13,4,29,9,tesco,154.56,-1.0,Medium Risk
331048953.0,19,5,23,9,tesco,132.82,-1.0,Low Risk
331450202.0,14,6,3,9,topshop,222.6,-1.0,Low Risk
331450202.0,18,1,26,9,looselyfitted,189.0,-1.0,Low Risk
331684336.0,3,5,7,1,sainsbury,3.8,-1.0,Low Risk
331684336.0,9,5,8,7,tesco,151.78,-1.0,Low Risk
331684336.0,9,6,1,1,blackwell's,19.96,-1.0,Low Risk
336171116.0,3,0,28,8,justeat,28.7,-1.0,Low Risk
336171116.0,6,1,4,7,justeat,31.14,-1.0,Low Risk
336557504.0,10,5,4,11,selfridges,222.0,-1.0,Low Risk
337771621.0,0,3,19,1,justeat,29.98,-1.0,Low Risk
337771621.0,0,5,4,2,deliveroo,37.45,-1.0,Medium Risk
338022396.0,2,6,25,6,deliveroo,35.09,-1.0,Low Risk
339791565.0,2,3,7,9,craftastic,250.0,-1.0,Low Risk
340295966.0,10,6,1,1,wool,42.5,-1.0,Low Risk
340321732.0,1,1,14,11,deliveroo,27.43,-1.0,Low Risk
340321732.0,10,6,9,4,tesco,301.17,-1.0,High Risk
340680761.0,19,0,13,3,tesco,97.1,-1.0,Low Risk
340680761.0,19,5,11,2,tesco,105.68,-1.0,Low Risk
344219145.0,1,0,16,10,selfridges,10.69,-1.0,Low Risk
344522228.0,15,6,1,1,thecrown,11.8,-1.0,Medium Risk
344522228.0,18,2,1,11,tesco,5.61,-1.0,Low Risk
345582855.0,18,0,3,4,revella,292.6,-1.0,Medium Risk
345582855.0,18,6,6,8,fatface,284.9,-1.0,Medium Risk
345582855.0,19,4,1,12,tesco,10.63,-1.0,Low Risk
345582855.0,21,0,29,5,sainsburylocal,61.02,-1.0,Low Risk
346874167.0,12,6,1,1,theworks,9.99,-1.0,Low Risk
346874167.0,14,6,1,10,wool,125.86,-1.0,Low Risk
346874167.0,15,0,27,2,tesco,93.45,-1.0,Low Risk
348325817.0,11,6,3,12,matalan,126.0,-1.0,Low Risk
348460748.0,12,6,26,11,justeat,25.19,-1.0,Low Risk
348525881.0,20,0,26,6,tesco,89.41,-1.0,Low Risk
348525881.0,20,1,7,2,tesco,68.91,-1.0,Low Risk
348525881.0,20,1,28,3,tesco,54.21,-1.0,Low Risk
349107386.0,8,2,18,1,tesco,200.48,-1.0,Medium Risk
349107386.0,11,6,19,3,tesco,284.37,-1.0,High Risk
349614277.0,8,2,11,1,tesco,120.54,-1.0,Low Risk
349614277.0,8,5,4,2,tesco,158.64,-1.0,Medium Risk
349614277.0,17,2,5,4,fatface,234.5,-1.0,Low Risk
350921975.0,0,0,20,11,deliveroo,25.95,-1.0,Low Risk
352291960.0,4,1,31,10,justeat,37.53,-1.0,Medium Risk
354894456.0,10,5,7,1,gamestation,149.97,-1.0,Low Risk
354894456.0,17,1,31,1,hobbylobby,161.82,-1.0,Medium Risk
355602925.0,4,2,29,11,justeat,31.6,-1.0,Low Risk
355602925.0,15,6,28,5,fatface,178.0,-1.0,Low Risk
355733816.0,21,0,30,1,amazon,2.98,-1.0,Low Risk
358846516.0,8,0,30,1,starbucks,5.7,-1.0,Low Risk
358846516.0,18,0,19,6,tesco,162.69,-1.0,Medium Risk
361955473.0,19,0,16,10,tesco,68.95,-1.0,Low Risk
364357875.0,10,4,7,4,matalan,514.5,-1.0,High Risk
364357875.0,12,4,18,8,matalan,377.3,-1.0,Medium Risk
364357875.0,15,0,30,1,cex,49.99,-1.0,Low Risk
364357875.0,20,0,11,9,tesco,106.66,-1.0,Low Risk
364396689.0,13,0,4,12,tesco,78.64,-1.0,Low Risk
364396689.0,19,0,18,9,tesco,87.46,-1.0,Low Risk
365608668.0,5,0,16,1,sainsbury,16.09,-1.0,Low Risk
365608668.0,8,1,31,1,sainsbury,14.71,-1.0,Low Risk
366477356.0,9,0,23,1,tesco,162.99,-1.0,Medium Risk
366477356.0,18,0,19,6,tesco,233.4,-1.0,Medium Risk
366550080.0,13,5,4,2,tesco,91.42,-1.0,Low Risk
370757362.0,3,0,17,7,justeat,26.95,-1.0,Low Risk
370757362.0,4,0,1,5,tesco,7.07,-1.0,Low Risk
383625050.0,12,6,22,10,fatface,280.7,-1.0,Medium Risk
383625050.0,15,6,22,10,fatface,379.4,-1.0,Medium Risk
383625050.0,16,6,4,6,fatface,228.9,-1.0,Low Risk
383625050.0,17,0,17,4,tesco,130.49,-1.0,Low Risk
383833857.0,13,0,13,3,topshop,156.97,-1.0,Low Risk
383833857.0,15,0,17,7,topshop,225.37,-1.0,Low Risk
383833857.0,19,3,30,11,tesco,74.41,-1.0,Low Risk
383833857.0,20,4,27,1,tesco,52.36,-1.0,Low Risk
385685918.0,1,6,12,2,deliveroo,14.74,-1.0,Low Risk
386729293.0,5,1,28,3,sainsbury,5.17,-1.0,Low Risk
386729293.0,17,0,4,12,justeat,26.94,-1.0,Low Risk
387957305.0,20,0,30,10,tesco,37.99,-1.0,Low Risk
388862238.0,1,0,25,9,cooplocal,0.82,-1.0,Low Risk
388862238.0,15,2,6,12,sportsdirect,177.98,-1.0,Medium Risk
391688371.0,15,6,3,12,tesco,55.4,-1.0,Low Risk
392270893.0,20,6,5,11,fittedstitch,0.46,-1.0,Low Risk
395284483.0,16,5,12,8,matalan,384.90999999999997,-1.0,Medium Risk
395284483.0,17,3,2,11,matalan,179.84,-1.0,Low Risk
395284483.0,19,0,2,10,tesco,75.96,-1.0,Low Risk
395284483.0,19,6,1,1,sainsburylocal,31.85,-1.0,Low Risk
398429109.0,18,6,3,12,deliveroo,38.28,-1.0,Medium Risk
399144202.0,9,1,2,5,reebok,130.42,-1.0,Low Risk
399144202.0,15,1,8,8,fatface,247.07,-1.0,Low Risk
399144202.0,15,1,8,8,revella,227.47,-1.0,Low Risk
399144202.0,16,6,21,5,fittedstitch,233.77,-1.0,Medium Risk
399144202.0,17,5,28,1,brilliantbrushes,99.98,-1.0,Medium Risk
399144202.0,21,1,3,1,thecrown,4.9,-1.0,Low Risk
399144202.0,22,1,3,1,thecrown,5.25,-1.0,Low Risk
399144202.0,23,1,3,1,thecrown,7.0,-1.0,Low Risk
399538448.0,10,1,3,10,matalan,246.4,-1.0,Low Risk
399538448.0,17,1,3,10,matalan,228.2,-1.0,Low Risk
399538448.0,17,2,8,11,revella,294.0,-1.0,Medium Risk
399538448.0,18,2,8,11,fatface,268.8,-1.0,Medium Risk
401293808.0,10,6,8,10,tesco,132.87,-1.0,Low Risk
403383649.0,11,3,7,9,topshop,333.15999999999997,-1.0,Medium Risk
405416860.0,12,6,2,4,tesco,230.84,-1.0,Medium Risk
406862520.0,10,6,1,10,sportsdirect,41.98,-1.0,Low Risk
406862520.0,19,1,31,1,tesco,157.68,-1.0,Medium Risk
406862520.0,19,4,22,9,tesco,231.1,-1.0,Medium Risk
407323346.0,8,0,26,6,tesco,78.37,-1.0,Low Risk
407323346.0,19,1,28,2,tesco,163.43,-1.0,Medium Risk
407574996.0,10,1,5,12,fatface,302.4,-1.0,Medium Risk
407574996.0,11,4,25,8,tesco,321.22,-1.0,High Risk
407574996.0,12,4,27,1,topshop,449.4,-1.0,High Risk
407574996.0,13,1,5,12,matalan,254.8,-1.0,Low Risk
407574996.0,14,0,26,6,tesco,297.7,-1.0,High Risk
407574996.0,17,1,5,12,fatface,178.5,-1.0,Low Risk
408057540.0,18,4,1,9,fittedstitch,207.2,-1.0,Low Risk
409370545.0,12,3,6,7,looselyfitted,259.0,-1.0,Medium Risk
409370545.0,19,0,6,11,tesco,138.22,-1.0,Low Risk
409971170.0,0,6,3,12,selfridges,16.77,-1.0,Low Risk
409971170.0,6,1,5,12,sainsbury,51.82,-1.0,Low Risk
412823730.0,14,6,29,10,tesco,55.82,-1.0,Low Risk
412823730.0,20,1,21,11,tesco,159.04,-1.0,Medium Risk
413557825.0,20,0,2,1,thecrown,9.5,-1.0,Medium Risk
414454079.0,9,0,6,3,tesco,332.72,-1.0,High Risk
414454079.0,18,2,4,1,revella,125.3,-1.0,Low Risk
414454079.0,18,4,31,3,hobbylobby,7.52,-1.0,Low Risk
414805878.0,8,0,27,2,tesco,103.03,-1.0,Low Risk
414805878.0,10,5,30,9,fatface,245.0,-1.0,Low Risk
414805878.0,17,1,10,1,tesco,154.71,-1.0,Medium Risk
417850087.0,8,0,2,1,tesco,124.99,-1.0,Low Risk
417850087.0,8,3,1,6,tesco,142.27,-1.0,Low Risk
417850087.0,13,6,30,4,tesco,149.65,-1.0,Low Risk
417850087.0,17,0,19,6,fatface,179.9,-1.0,Low Risk
417850087.0,20,3,2,2,tesco,94.62,-1.0,Low Risk
419084831.0,12,0,27,11,deliveroo,19.75,-1.0,Low Risk
419550103.0,0,0,29,5,fittedstitch,7.17,-1.0,Low Risk
419550103.0,2,6,3,12,revella,22.17,-1.0,Low Risk
419550103.0,15,6,30,4,fittedstitch,2.87,-1.0,Low Risk
419550103.0,17,0,30,1,looselyfitted,79.0,-1.0,Low Risk
419550103.0,17,1,31,1,gamestation,109.97,-1.0,Low Risk
420109571.0,17,0,31,7,topshop,189.98,-1.0,Low Risk
420109571.0,17,1,31,10,sportsdirect,144.97,-1.0,Low Risk
421475159.0,2,5,22,7,justeat,16.43,-1.0,Low Risk
421881811.0,19,0,4,12,justeat,33.13,-1.0,Low Risk
422955974.0,21,4,20,10,justeat,32.35,-1.0,Low Risk
423208402.0,18,4,29,9,matalan,211.5,-1.0,Low Risk
424397946.0,7,1,7,3,coffee#1,6.3,-1.0,Low Risk
425730826.0,9,1,31,1,gamestation,99.98,-1.0,Low Risk
425730826.0,11,6,5,11,tesco,18.59,-1.0,Low Risk
425730826.0,12,0,20,11,fatface,276.0,-1.0,Medium Risk
425730826.0,14,6,1,1,starbucks,2.8,-1.0,Low Risk
425730826.0,18,6,9,4,topshop,248.5,-1.0,Low Risk
425964226.0,17,1,31,1,theworks,16.98,-1.0,Low Risk
425964226.0,18,0,23,10,matalan,201.6,-1.0,Low Risk
425964226.0,19,0,28,8,tesco,151.26,-1.0,Low Risk
429235692.0,20,5,29,4,tesco,140.97,-1.0,Low Risk
430910686.0,4,5,25,11,justeat,17.9,-1.0,Low Risk
430910686.0,21,3,30,3,justeat,20.29,-1.0,Low Risk
433837402.0,0,0,13,11,justeat,33.48,-1.0,Low Risk
433917275.0,1,6,3,12,fittedstitch,71.77,-1.0,Low Risk
433917275.0,11,6,14,5,topshop,336.70000000000005,-1.0,Medium Risk
435984758.0,0,6,6,8,fatface,25.67,-1.0,Low Risk
435984758.0,17,0,3,4,fatface,113.5,-1.0,Low Risk
436430134.0,5,6,28,5,deliveroo,30.9,-1.0,Low Risk
436430134.0,18,0,23,1,hobbylobby,49.99,-1.0,Low Risk
441142605.0,15,2,8,11,matalan,149.25,-1.0,Low Risk
441142605.0,16,6,30,4,matalan,136.88,-1.0,Low Risk
441274121.0,3,0,30,10,fittedstitch,62.28,-1.0,Low Risk
441274121.0,17,0,27,3,fatface,124.0,-1.0,Low Risk
441274121.0,19,0,3,4,cooplocal,84.59,-1.0,Low Risk
442070890.0,17,0,4,12,sportsdirect,119.97,-1.0,Low Risk
442070890.0,17,1,10,1,selfridges,164.5,-1.0,Low Risk
442070890.0,18,0,25,9,tesco,17.14,-1.0,Low Risk
445240363.0,17,1,31,10,tesco,44.25,-1.0,Low Risk
446720287.0,14,0,2,1,sportsdirect,25.0,-1.0,Low Risk
448004226.0,14,2,31,5,topshop,244.97,-1.0,Low Risk
448004226.0,16,2,31,5,topshop,224.67,-1.0,Low Risk
449387287.0,9,2,1,11,fatface,221.17,-1.0,Low Risk
449387287.0,11,0,4,12,tesco,169.95,-1.0,Medium Risk
449871732.0,8,1,24,1,tesco,118.76,-1.0,Low Risk
449871732.0,16,6,26,11,selfridges,278.56,-1.0,Medium Risk
450896297.0,0,6,3,12,tesco,71.09,-1.0,Low Risk
450896297.0,8,3,19,1,cooplocal,138.53,-1.0,Medium Risk
450896297.0,12,6,1,1,cooplocal,63.52,-1.0,Low Risk
450896297.0,17,1,31,1,sportsdirect,53.0,-1.0,Low Risk
450896297.0,17,3,1,6,fatface,237.3,-1.0,Low Risk
450896297.0,18,2,1,2,hobbylobby,19.99,-1.0,Low Risk
454129843.0,2,1,7,11,deliveroo,34.48,-1.0,Low Risk
454129843.0,20,0,16,1,tesco,77.53,-1.0,Low Risk
454129843.0,20,0,23,10,tesco,96.64,-1.0,Low Risk
454356905.0,11,0,23,1,fatface,113.62,-1.0,Low Risk
455831435.0,19,1,27,6,tesco,134.6,-1.0,Low Risk
455831435.0,20,1,5,12,tesco,48.07,-1.0,Low Risk
456221621.0,3,1,31,10,deliveroo,10.29,-1.0,Low Risk
461029994.0,9,2,5,7,revella,274.4,-1.0,Medium Risk
461029994.0,10,0,13,11,topshop,226.07,-1.0,Low Risk
461029994.0,12,0,4,9,topshop,241.49,-1.0,Low Risk
461029994.0,13,6,27,8,topshop,524.95,-1.0,High Risk
461990622.0,11,6,1,1,tesco,114.53,-1.0,Low Risk
461990622.0,19,0,2,10,tesco,120.22,-1.0,Low Risk
467207141.0,19,6,26,3,deliveroo,33.9,-1.0,Low Risk
467207141.0,20,6,8,1,topshop,30.24,-1.0,Low Risk
469330905.0,13,6,2,7,topshop,438.88,-1.0,High Risk
469561218.0,10,0,4,12,tesco,177.34,-1.0,Medium Risk
469561218.0,17,2,4,1,revella,216.5,-1.0,Low Risk
469561218.0,18,6,28,5,justeat,25.94,-1.0,Low Risk
471897866.0,11,6,15,10,revella,471.74,-1.0,High Risk
471897866.0,13,5,10,6,fatface,349.27,-1.0,Medium Risk
471897866.0,17,1,22,8,topshop,236.59,-1.0,Low Risk
471897866.0,20,0,31,7,tesco,95.31,-1.0,Low Risk
473820682.0,0,6,30,7,revella,54.59,-1.0,Low Risk
473820682.0,19,6,12,11,deliveroo,18.39,-1.0,Low Risk
474951915.0,18,5,25,11,tesco,23.92,-1.0,Low Risk
474951915.0,20,5,28,1,cooplocal,11.1,-1.0,Low Risk
475277431.0,9,0,6,11,tesco,235.2,-1.0,Medium Risk
477216513.0,3,5,28,10,deliveroo,23.9,-1.0,Low Risk
478651121.0,8,4,1,9,tesco,74.51,-1.0,Low Risk
480198977.0,20,4,3,2,tesco,142.14,-1.0,Low Risk
480198977.0,21,4,8,9,amazon,13.31,-1.0,Low Risk
480557476.0,10,0,28,8,fatface,256.19,-1.0,Low Risk
482513594.0,3,0,30,10,amazon,1.91,-1.0,Low Risk
482513594.0,8,3,26,1,tesco,66.55,-1.0,Low Risk
482513594.0,17,0,5,6,topshop,182.0,-1.0,Low Risk
482513594.0,17,0,6,2,reebok,77.99,-1.0,Low Risk
482513594.0,19,3,5,10,fatface,179.89,-1.0,Low Risk
482513594.0,19,6,15,1,boots,1.56,-1.0,Low Risk
486495235.0,3,0,20,3,matalan,26.76,-1.0,Low Risk
486495235.0,17,0,13,2,tesco,152.62,-1.0,Low Risk
487051121.0,16,6,29,10,selfridges,27.96,-1.0,Low Risk
489964679.0,19,1,31,1,tesco,54.42,-1.0,Low Risk
489964679.0,20,1,28,2,tesco,133.94,-1.0,Low Risk
492058070.0,15,3,23,2,sportsdirect,199.98,-1.0,Medium Risk
492058070.0,18,4,31,3,fittedstitch,161.99,-1.0,Low Risk
492215823.0,17,0,6,2,tesco,316.77,-1.0,High Risk
492215823.0,17,0,16,10,tesco,292.34,-1.0,High Risk
492850697.0,3,6,28,5,justeat,26.14,-1.0,Low Risk
493571342.0,13,5,28,1,fatface,229.6,-1.0,Low Risk
493855007.0,10,6,26,3,tesco,113.44,-1.0,Low Risk
494156986.0,17,6,3,12,topshop,140.24,-1.0,Low Risk
494156986.0,18,6,3,12,matalan,104.99,-1.0,Low Risk
494789005.0,12,5,11,11,fatface,329.7,-1.0,Medium Risk
494789005.0,17,2,29,3,fatface,166.5,-1.0,Low Risk
496395938.0,8,5,2,12,sainsbury,96.29,-1.0,Low Risk
496395938.0,12,5,14,10,topshop,241.49,-1.0,Low Risk
496395938.0,13,5,14,10,matalan,224.69,-1.0,Low Risk
496395938.0,17,0,20,2,topshop,95.89,-1.0,Low Risk
496395938.0,18,0,2,1,tesco,42.77,-1.0,Low Risk
496395938.0,20,0,4,12,cooplocal,34.48,-1.0,Low Risk
496395938.0,20,4,3,2,tesco,82.89,-1.0,Low Risk
497772347.0,2,6,19,3,justeat,22.95,-1.0,Low Risk
497772347.0,10,5,2,9,tesco,297.43,-1.0,High Risk
499244466.0,1,6,27,8,justeat,23.93,-1.0,Low Risk
500043411.0,17,3,29,6,sportsdirect,132.32,-1.0,Low Risk
500843551.0,8,0,30,1,tesco,43.89,-1.0,Low Risk
500843551.0,9,0,6,3,tesco,154.65,-1.0,Medium Risk
504055745.0,4,1,17,1,sainsbury,9.9,-1.0,Low Risk
504055745.0,18,0,13,2,hobbylobby,101.97,-1.0,Medium Risk
504055745.0,19,0,6,2,tesco,40.87,-1.0,Low Risk
506618547.0,17,2,11,1,sportsdirect,159.98,-1.0,Low Risk
506618547.0,17,6,25,6,fatface,188.3,-1.0,Low Risk
506618547.0,18,1,28,3,matalan,235.9,-1.0,Low Risk
508518911.0,16,0,13,2,fatface,187.56,-1.0,Low Risk
510101371.0,13,5,29,4,topshop,326.2,-1.0,Medium Risk
510101371.0,17,3,30,3,fatface,289.1,-1.0,Medium Risk
514362267.0,10,0,31,7,fivesensesart,34.98,-1.0,Low Risk
514362267.0,10,2,29,11,fivesensesart,14.99,-1.0,Low Risk
516051449.0,16,6,29,1,fatface,291.2,-1.0,Medium Risk
516051449.0,17,6,29,1,matalan,193.9,-1.0,Low Risk
517934629.0,7,0,2,1,starbucks,5.7,-1.0,Low Risk
517934629.0,17,0,2,1,topshop,208.5,-1.0,Low Risk
518466565.0,20,0,21,8,deliveroo,45.39,-1.0,Medium Risk
518466565.0,20,0,27,3,tesco,107.81,-1.0,Low Risk
518474507.0,8,0,2,1,tesco,136.54,-1.0,Low Risk
518474507.0,17,0,20,11,revella,174.3,-1.0,Low Risk
518746136.0,20,0,29,5,tesco,137.89,-1.0,Low Risk
519644021.0,12,3,23,3,matalan,354.9,-1.0,Medium Risk
519644021.0,13,6,30,7,sportsdirect,250.72,-1.0,Medium Risk
519649533.0,20,1,7,11,justeat,20.88,-1.0,Low Risk
519649533.0,21,5,20,5,deliveroo,29.44,-1.0,Low Risk
519649533.0,21,5,21,1,etsy,36.3,-1.0,Low Risk
519935524.0,5,6,2,4,revella,65.63,-1.0,Low Risk
519935524.0,7,6,5,2,fatface,57.74,-1.0,Low Risk
519935524.0,16,6,1,10,fivesensesart,80.3,-1.0,Medium Risk
519935524.0,16,6,5,3,reebok,90.17,-1.0,Low Risk
519935524.0,21,0,23,1,selfridges,2.75,-1.0,Low Risk
519935524.0,23,0,2,1,fittedstitch,51.51,-1.0,Low Risk
520447032.0,9,0,20,3,topshop,196.0,-1.0,Low Risk
522188082.0,15,1,31,1,looselyfitted,156.8,-1.0,Low Risk
522188082.0,17,1,12,9,revella,202.3,-1.0,Low Risk
522188082.0,18,0,24,4,matalan,212.1,-1.0,Low Risk
522188082.0,20,5,7,10,tesco,120.6,-1.0,Low Risk
524425303.0,19,1,7,3,tesco,81.82,-1.0,Low Risk
525524239.0,9,0,4,12,blackwell's,16.98,-1.0,Low Risk
531186970.0,19,4,1,12,tesco,112.2,-1.0,Low Risk
532478725.0,4,5,28,1,fatface,68.77,-1.0,Low Risk
532478725.0,16,1,8,8,selfridges,207.9,-1.0,Low Risk
532478725.0,18,1,11,4,selfridges,210.0,-1.0,Low Risk
532478725.0,21,2,25,1,matalan,13.73,-1.0,Low Risk
534097839.0,13,6,19,2,tesco,81.54,-1.0,Low Risk
534204159.0,9,0,22,5,tesco,307.19,-1.0,High Risk
534204159.0,9,0,30,1,fivesensesart,66.97,-1.0,Low Risk
534325901.0,14,6,10,9,revella,201.6,-1.0,Low Risk
534325901.0,17,4,2,6,fatface,257.6,-1.0,Low Risk
534325901.0,18,4,2,6,topshop,147.0,-1.0,Low Risk
534908754.0,2,1,3,10,deliveroo,24.15,-1.0,Low Risk
534908754.0,19,5,28,1,tesco,59.95,-1.0,Low Risk
536924114.0,8,1,28,11,tesco,70.74,-1.0,Low Risk
537487133.0,1,6,12,11,justeat,24.73,-1.0,Low Risk
537487133.0,12,0,23,10,justeat,26.14,-1.0,Low Risk
538003940.0,10,6,30,4,sportsdirect,79.98,-1.0,Low Risk
540159353.0,10,6,5,3,selfridges,194.6,-1.0,Low Risk
540159353.0,17,0,28,8,fatface,179.19,-1.0,Low Risk
540159353.0,17,0,30,1,gamestation,129.97,-1.0,Low Risk
541639148.0,9,0,27,11,sportsdirect,158.34,-1.0,Low Risk
541639148.0,20,2,1,2,tesco,142.65,-1.0,Low Risk
544961962.0,9,0,1,5,gamestation,99.98,-1.0,Low Risk
546296727.0,13,6,12,2,topshop,260.63,-1.0,Low Risk
546296727.0,15,2,29,11,sportsdirect,199.97,-1.0,Medium Risk
547010927.0,9,0,2,1,tesco,153.44,-1.0,Low Risk
547010927.0,9,0,2,1,theworks,37.95,-1.0,Medium Risk
547010927.0,9,0,4,12,fatface,177.1,-1.0,Low Risk
547010927.0,9,0,6,2,gamestation,119.97,-1.0,Low Risk
547010927.0,17,2,12,4,matalan,229.6,-1.0,Low Risk
547010927.0,20,6,3,12,revella,14.68,-1.0,Low Risk
548638376.0,12,4,20,10,deliveroo,30.44,-1.0,Low Risk
549414742.0,9,4,17,2,tesco,282.83,-1.0,Medium Risk
549414742.0,21,5,2,12,deliveroo,24.18,-1.0,Low Risk
550169791.0,10,6,9,7,fittedstitch,303.1,-1.0,Medium Risk
550169791.0,19,1,24,1,tesco,79.43,-1.0,Low Risk
551196328.0,3,0,27,11,cooplocal,6.27,-1.0,Low Risk
551755686.0,16,5,20,5,revella,246.4,-1.0,Low Risk
553734946.0,18,6,15,1,deliveroo,10.3,-1.0,Low Risk
554792076.0,9,6,16,7,matalan,209.29,-1.0,Low Risk
554792076.0,10,4,14,4,matalan,227.47,-1.0,Low Risk
554792076.0,20,1,3,1,tesco,53.27,-1.0,Low Risk
555393405.0,0,5,2,9,deliveroo,35.34,-1.0,Low Risk
555393405.0,15,4,1,12,revella,100.8,-1.0,Low Risk
555804115.0,10,3,30,11,sportsdirect,144.98,-1.0,Low Risk
555804115.0,22,6,1,1,thecrown,11.4,-1.0,Medium Risk
556992209.0,17,6,5,11,fivesensesart,150.27,-1.0,Medium Risk
558119802.0,17,0,6,11,fatface,266.7,-1.0,Low Risk
558119802.0,18,3,12,10,topshop,208.6,-1.0,Low Risk
558875206.0,9,0,2,1,tesco,219.17,-1.0,Medium Risk
558875206.0,9,0,20,11,tesco,315.13,-1.0,High Risk
558875206.0,18,3,12,1,tesco,269.09,-1.0,Medium Risk
558875206.0,20,0,17,7,tesco,251.01,-1.0,Medium Risk
559995067.0,18,2,1,11,topshop,226.1,-1.0,Low Risk
559995067.0,20,0,4,12,selfridges,18.5,-1.0,Low Risk
569687509.0,0,0,27,11,justeat,31.35,-1.0,Low Risk
569687509.0,8,0,2,10,tesco,13.71,-1.0,Low Risk
569687509.0,19,0,16,1,tesco,36.67,-1.0,Low Risk
570269025.0,16,6,2,4,revella,164.0,-1.0,Low Risk
570323670.0,0,3,30,11,boots,5.03,-1.0,Low Risk
570323670.0,1,6,3,9,cooplocal,6.5,-1.0,Low Risk
570323670.0,12,2,23,8,topshop,250.6,-1.0,Low Risk
570323670.0,16,2,23,8,fatface,251.3,-1.0,Low Risk
570575024.0,8,0,4,12,tesco,157.19,-1.0,Medium Risk
572333122.0,19,5,1,4,tesco,309.98,-1.0,High Risk
572384506.0,15,6,5,2,topshop,288.4,-1.0,Medium Risk
574548998.0,8,2,3,5,tesco,148.35,-1.0,Low Risk
576188756.0,19,1,14,11,tesco,57.47,-1.0,Low Risk
576188756.0,20,2,8,11,tesco,17.61,-1.0,Low Risk
578131296.0,9,0,30,10,tesco,132.51,-1.0,Low Risk
581655972.0,10,5,3,6,looselyfitted,208.6,-1.0,Low Risk
581655972.0,10,5,25,2,sportsdirect,199.97,-1.0,Medium Risk
583558311.0,2,1,1,8,deliveroo,25.44,-1.0,Low Risk
583558311.0,3,3,7,9,justeat,18.95,-1.0,Low Risk
583558311.0,19,5,2,12,tesco,101.18,-1.0,Low Risk
585133606.0,9,0,2,1,tesco,169.89,-1.0,Medium Risk
585625048.0,17,1,6,6,matalan,287.0,-1.0,Medium Risk
586315521.0,13,5,4,2,looselyfitted,244.3,-1.0,Low Risk
586315521.0,17,2,4,10,sportsdirect,240.32,-1.0,Medium Risk
587202562.0,2,6,12,3,deliveroo,12.98,-1.0,Low Risk
587225252.0,5,6,30,4,deliveroo,38.57,-1.0,Medium Risk
587225252.0,8,0,16,1,tesco,56.44,-1.0,Low Risk
587225252.0,9,0,2,1,tesco,63.8,-1.0,Low Risk
587225252.0,16,5,28,1,tesco,80.3,-1.0,Low Risk
587225252.0,17,5,21,1,tesco,116.01,-1.0,Low Risk
587225252.0,17,6,1,1,theworks,12.98,-1.0,Low Risk
587225252.0,19,3,2,2,tesco,79.11,-1.0,Low Risk
588565416.0,4,6,3,12,etsy,46.67,-1.0,Low Risk
592961759.0,8,0,2,1,tesco,63.92,-1.0,Low Risk
595800644.0,20,0,30,1,tesco,41.46,-1.0,Low Risk
596171893.0,10,2,8,11,topshop,207.45,-1.0,Low Risk
596328017.0,9,0,2,1,tesco,202.07,-1.0,Medium Risk
598793068.0,12,6,1,1,tesco,161.81,-1.0,Medium Risk
600185455.0,6,0,24,7,deliveroo,23.92,-1.0,Low Risk
601627384.0,9,2,1,2,gamestation,129.97,-1.0,Low Risk
603721739.0,6,1,5,9,justeat,19.94,-1.0,Low Risk
604288474.0,1,0,10,4,fatface,67.6,-1.0,Low Risk
604288474.0,2,0,1,5,etsy,76.3,-1.0,Medium Risk
604288474.0,10,1,11,7,fittedstitch,174.26,-1.0,Low Risk
604288474.0,10,2,15,3,fittedstitch,211.35,-1.0,Medium Risk
604288474.0,11,6,29,10,fatface,278.6,-1.0,Medium Risk
604288474.0,13,6,30,4,fittedstitch,207.16,-1.0,Low Risk
604288474.0,16,5,18,11,sportsdirect,131.53,-1.0,Low Risk
604288474.0,21,1,14,11,lloydspharmacy,22.32,-1.0,Low Risk
604334058.0,9,6,30,4,fivesensesart,5.99,-1.0,Low Risk
604870380.0,0,0,5,6,deliveroo,47.09,-1.0,Medium Risk
604870380.0,0,0,6,2,selfridges,2.54,-1.0,Low Risk
604870380.0,10,6,5,11,tesco,15.44,-1.0,Low Risk
604870380.0,18,1,7,11,tesco,58.17,-1.0,Low Risk
607629901.0,17,1,28,2,sportsdirect,159.97,-1.0,Low Risk
609939116.0,10,0,16,1,matalan,313.6,-1.0,Medium Risk
609939116.0,19,4,12,5,tesco,321.57,-1.0,High Risk
609939116.0,20,0,4,12,justeat,23.9,-1.0,Low Risk
611143859.0,4,1,5,12,deliveroo,39.5,-1.0,Medium Risk
611143859.0,21,0,3,7,justeat,44.59,-1.0,Medium Risk
612304466.0,18,1,25,4,sainsbury,100.65,-1.0,Low Risk
613427466.0,4,4,6,10,selfridges,11.12,-1.0,Low Risk
613427466.0,9,0,3,4,tesco,135.09,-1.0,Low Risk
613427466.0,16,6,1,1,theworks,6.99,-1.0,Low Risk
613729471.0,12,0,6,11,looselyfitted,371.0,-1.0,Medium Risk
613729471.0,17,4,1,12,matalan,306.6,-1.0,Medium Risk
613729471.0,17,6,22,1,topshop,170.8,-1.0,Low Risk
613729471.0,18,0,17,4,matalan,324.8,-1.0,Medium Risk
615144184.0,8,1,28,11,tesco,138.07,-1.0,Low Risk
616924659.0,18,0,14,8,matalan,120.75,-1.0,Low Risk
616924659.0,19,1,17,1,tesco,98.05,-1.0,Low Risk
618138606.0,1,6,29,10,cooplocal,29.39,-1.0,Low Risk
618138606.0,15,6,3,12,topshop,126.99,-1.0,Low Risk
618138606.0,19,1,8,8,tesco,129.34,-1.0,Low Risk
618138606.0,19,1,29,8,tesco,122.79,-1.0,Low Risk
618138606.0,19,3,26,1,tesco,156.95,-1.0,Medium Risk
618138606.0,20,1,28,11,deliveroo,26.64,-1.0,Low Risk
618514666.0,17,1,20,6,fatface,239.39,-1.0,Low Risk
623156843.0,9,1,10,1,tesco,222.88,-1.0,Medium Risk
623156843.0,19,1,8,8,tesco,269.24,-1.0,Medium Risk
623156843.0,19,1,11,4,tesco,193.44,-1.0,Medium Risk
623156843.0,19,4,22,9,tesco,268.82,-1.0,Medium Risk
623156843.0,20,1,31,1,tesco,157.64,-1.0,Medium Risk
623156843.0,20,4,21,4,tesco,274.65,-1.0,Medium Risk
624500124.0,20,0,27,11,tesco,112.62,-1.0,Low Risk
624563756.0,10,6,15,10,sportsdirect,149.98,-1.0,Low Risk
625658193.0,0,0,29,5,justeat,19.36,-1.0,Low Risk
626989363.0,9,5,30,9,cooplocal,138.89,-1.0,Medium Risk
626989363.0,20,0,23,10,cooplocal,155.09,-1.0,Medium Risk
627723633.0,6,1,10,1,justeat,22.93,-1.0,Low Risk
627723633.0,19,3,2,11,tesco,31.77,-1.0,Low Risk
627936697.0,20,1,23,5,tesco,281.69,-1.0,Medium Risk
628470485.0,3,0,27,11,matalan,22.29,-1.0,Low Risk
628470485.0,17,0,4,12,tesco,280.43,-1.0,Medium Risk
630468201.0,5,6,4,6,deliveroo,29.44,-1.0,Low Risk
630691258.0,0,1,10,1,lloydspharmacy,30.84,-1.0,Low Risk
631111289.0,10,6,3,12,matalan,134.98,-1.0,Low Risk
631744379.0,19,0,3,4,tesco,112.25,-1.0,Low Risk
631744379.0,19,1,21,3,tesco,135.32,-1.0,Low Risk
632065391.0,19,2,22,3,tesco,275.91,-1.0,Medium Risk
633345190.0,13,5,21,1,stitchbystitch,98.91,-1.0,Medium Risk
633345190.0,13,6,22,10,selfridges,230.3,-1.0,Medium Risk
633345190.0,15,6,22,10,fatface,215.6,-1.0,Low Risk
633345190.0,18,2,19,4,hobbylobby,171.15,-1.0,Medium Risk
639409800.0,9,4,1,12,tesco,132.45,-1.0,Low Risk
639409800.0,17,3,9,3,fatface,187.6,-1.0,Low Risk
639420537.0,11,6,1,1,tesco,40.64,-1.0,Low Risk
639549973.0,1,3,31,8,tesco,22.93,-1.0,Low Risk
639549973.0,13,6,15,10,looselyfitted,215.6,-1.0,Low Risk
641376155.0,17,1,21,2,topshop,176.39,-1.0,Low Risk
641764023.0,10,6,1,1,sainsburylocal,128.94,-1.0,Medium Risk
642924505.0,16,0,30,1,sportsdirect,47.99,-1.0,Low Risk
643610517.0,22,6,15,1,selfridges,57.05,-1.0,Low Risk
647472692.0,10,4,1,12,topshop,312.9,-1.0,Medium Risk
647936800.0,18,0,9,10,topshop,207.19,-1.0,Low Risk
651756497.0,11,6,26,11,tesco,145.76,-1.0,Low Risk
651756497.0,15,6,20,8,fatface,249.9,-1.0,Low Risk
651756497.0,16,6,20,8,topshop,262.5,-1.0,Low Risk
651756497.0,18,2,12,4,fatface,247.1,-1.0,Low Risk
651756497.0,19,3,28,9,tesco,143.49,-1.0,Low Risk
651756497.0,20,0,17,4,tesco,126.97,-1.0,Low Risk
652048867.0,2,6,9,4,justeat,34.95,-1.0,Medium Risk
653640811.0,20,0,2,1,tesco,35.91,-1.0,Low Risk
653667523.0,19,4,1,12,tesco,112.6,-1.0,Low Risk
654329190.0,8,3,31,8,tesco,86.54,-1.0,Low Risk
655730067.0,2,1,17,10,justeat,33.44,-1.0,Low Risk
655730067.0,9,6,1,1,theworks,32.95,-1.0,Low Risk
655730067.0,12,0,2,10,sainsburylocal,89.91,-1.0,Low Risk
655730067.0,14,6,1,1,tesco,137.87,-1.0,Low Risk
656317661.0,19,0,15,5,tesco,250.35,-1.0,Medium Risk
656812046.0,0,6,30,4,amazon,3.19,-1.0,Low Risk
656812046.0,16,6,9,4,matalan,331.8,-1.0,Medium Risk
656812046.0,16,6,24,9,matalan,285.6,-1.0,Medium Risk
656812046.0,17,0,27,11,tesco,35.83,-1.0,Low Risk
657139925.0,10,6,30,4,matalan,198.79,-1.0,Low Risk
657139925.0,14,6,30,4,fatface,166.57,-1.0,Low Risk
659008214.0,20,0,6,3,tesco,90.87,-1.0,Low Risk
659415300.0,14,5,4,11,tesco,145.89,-1.0,Low Risk
659415300.0,20,0,9,10,tesco,105.68,-1.0,Low Risk
659415300.0,20,0,30,10,tesco,92.47,-1.0,Low Risk
660561861.0,13,6,29,1,gamestation,119.97,-1.0,Low Risk
660561861.0,20,1,21,11,tesco,25.81,-1.0,Low Risk
662610817.0,17,1,5,12,universitycollegehospital,80.0,-1.0,Low Risk
663479159.0,9,2,1,2,sainsbury,160.06,-1.0,Medium Risk
663479159.0,10,4,13,10,matalan,228.9,-1.0,Low Risk
663479159.0,20,1,5,9,sainsbury,140.53,-1.0,Medium Risk
667367404.0,15,6,29,1,gamestation,149.97,-1.0,Low Risk
667367404.0,18,2,20,9,fatface,210.0,-1.0,Low Risk
667367404.0,19,0,1,5,sainsburylocal,117.31,-1.0,Medium Risk
668329719.0,16,6,3,9,fatface,272.99,-1.0,Medium Risk
668329719.0,20,0,20,2,tesco,102.2,-1.0,Low Risk
668692488.0,9,1,7,11,tesco,268.19,-1.0,Medium Risk
668692488.0,9,2,12,4,tesco,281.79,-1.0,Medium Risk
668692488.0,20,0,30,1,tesco,190.88,-1.0,Medium Risk
670102069.0,9,0,2,1,theworks,19.97,-1.0,Low Risk
670102069.0,17,2,24,5,looselyfitted,256.2,-1.0,Low Risk
670102069.0,20,5,1,7,sainsburylocal,6.11,-1.0,Low Risk
670102069.0,20,6,30,7,fittedstitch,10.76,-1.0,Low Risk
672913754.0,7,1,5,12,fatface,1.37,-1.0,Low Risk
672913754.0,8,0,23,1,tesco,46.0,-1.0,Low Risk
672913754.0,18,0,27,11,amazon,36.18,-1.0,Medium Risk
672913754.0,19,1,31,1,tesco,43.09,-1.0,Low Risk
675231808.0,3,3,9,11,deliveroo,26.0,-1.0,Low Risk
675231808.0,6,0,24,4,cooplocal,26.32,-1.0,Low Risk
675231808.0,19,0,7,8,tesco,155.63,-1.0,Medium Risk
675806859.0,9,0,16,1,tesco,169.44,-1.0,Medium Risk
675806859.0,17,6,5,3,topshop,239.4,-1.0,Low Risk
675806859.0,20,0,27,2,tesco,52.39,-1.0,Low Risk
675806859.0,20,6,16,4,amazon,8.53,-1.0,Low Risk
678330503.0,14,5,9,9,fatface,489.3,-1.0,High Risk
678330503.0,15,0,30,1,tesco,127.78,-1.0,Low Risk
678330503.0,16,1,31,1,reebok,12.99,-1.0,Low Risk
678330503.0,17,2,1,11,tesco,323.4,-1.0,High Risk
678330503.0,18,0,29,5,tesco,293.41,-1.0,High Risk
678851253.0,3,5,7,1,revella,6.23,-1.0,Low Risk
678851253.0,18,6,15,1,fittedstitch,102.48,-1.0,Low Risk
678851253.0,21,6,19,2,deliveroo,25.34,-1.0,Low Risk
679662108.0,18,1,31,10,tesco,112.27,-1.0,Low Risk
679662108.0,19,4,27,1,tesco,107.03,-1.0,Low Risk
679911053.0,16,0,30,1,tesco,169.85,-1.0,Medium Risk
679911053.0,16,6,21,5,fatface,254.8,-1.0,Low Risk
681955876.0,13,5,28,1,tesco,238.02,-1.0,Medium Risk
683078800.0,8,0,30,10,sainsburylocal,111.42,-1.0,Medium Risk
683078800.0,8,1,7,2,sainsburylocal,140.07,-1.0,Medium Risk
683078800.0,13,6,3,12,selfridges,1.34,-1.0,Low Risk
683078800.0,20,0,1,5,sainsburylocal,120.02,-1.0,Medium Risk
683078800.0,22,0,2,1,thecrown,7.5,-1.0,Low Risk
683319988.0,18,1,10,10,topshop,207.89,-1.0,Low Risk
683319988.0,18,2,5,4,fatface,186.9,-1.0,Low Risk
683319988.0,18,2,5,4,revella,177.77,-1.0,Low Risk
683319988.0,18,3,2,3,revella,139.3,-1.0,Low Risk
684284526.0,17,0,2,1,blackwell's,27.96,-1.0,Low Risk
685959099.0,15,6,7,5,fatface,303.1,-1.0,Medium Risk
687135796.0,9,4,28,7,tesco,158.58,-1.0,Medium Risk
687135796.0,19,5,14,1,tesco,164.52,-1.0,Medium Risk
688328251.0,2,2,29,11,deliveroo,23.23,-1.0,Low Risk
688712152.0,10,6,5,2,cex,149.97,-1.0,Low Risk
688712152.0,13,6,29,1,revella,160.12,-1.0,Low Risk
688712152.0,15,6,6,8,fatface,198.1,-1.0,Low Risk
690523499.0,3,5,18,2,justeat,35.08,-1.0,Medium Risk
690523499.0,5,1,1,8,justeat,31.08,-1.0,Low Risk
690523499.0,8,1,3,1,tesco,103.66,-1.0,Low Risk
690523499.0,8,2,24,5,tesco,137.75,-1.0,Low Risk
690523499.0,20,0,30,10,tesco,118.52,-1.0,Low Risk
690941877.0,19,2,29,11,justeat,29.33,-1.0,Low Risk
690958123.0,1,0,27,11,fatface,4.99,-1.0,Low Risk
690958123.0,18,2,22,11,tesco,153.62,-1.0,Medium Risk
690958123.0,20,4,1,12,tesco,64.62,-1.0,Low Risk
691012931.0,8,5,11,11,tesco,33.8,-1.0,Low Risk
691789577.0,9,6,1,1,theworks,43.93,-1.0,Medium Risk
695607232.0,11,6,26,11,tesco,134.63,-1.0,Low Risk
695607232.0,18,2,26,4,justeat,24.2,-1.0,Low Risk
696333897.0,7,5,22,4,deliveroo,36.24,-1.0,Low Risk
696333897.0,19,2,25,1,tesco,163.27,-1.0,Medium Risk
696333897.0,20,5,9,9,tesco,48.0,-1.0,Low Risk
696758548.0,12,4,3,3,tesco,163.63,-1.0,Medium Risk
696758548.0,14,0,2,1,tesco,132.01,-1.0,Low Risk
696758548.0,14,6,8,1,gamestation,149.97,-1.0,Low Risk
699139822.0,10,1,17,1,matalan,298.2,-1.0,Medium Risk
699139822.0,10,2,5,7,matalan,344.4,-1.0,Medium Risk
699139822.0,11,3,16,11,fatface,291.9,-1.0,Medium Risk
699139822.0,14,5,18,2,topshop,278.6,-1.0,Medium Risk
699139822.0,14,6,24,9,topshop,227.5,-1.0,Low Risk
699139822.0,15,5,18,2,topshop,202.3,-1.0,Low Risk
699139822.0,20,0,9,1,tesco,44.71,-1.0,Low Risk
699997811.0,8,0,25,9,tesco,16.94,-1.0,Low Risk
699997811.0,17,0,30,1,sainsburylocal,51.45,-1.0,Low Risk
703478110.0,4,1,28,2,amazon,4.43,-1.0,Low Risk
703588001.0,20,1,7,11,tesco,134.36,-1.0,Low Risk
703588001.0,20,2,24,5,tesco,157.31,-1.0,Medium Risk
704517789.0,15,6,1,1,tesco,86.06,-1.0,Low Risk
704517789.0,18,4,27,10,tesco,216.99,-1.0,Medium Risk
704517789.0,20,0,30,1,cooplocal,144.36,-1.0,Medium Risk
705848712.0,15,6,16,4,revella,226.1,-1.0,Low Risk
706250160.0,18,0,11,9,fatface,292.6,-1.0,Medium Risk
706250160.0,20,0,27,2,boots,46.13,-1.0,High Risk
706301742.0,4,0,9,1,deliveroo,25.92,-1.0,Low Risk
706301742.0,13,2,1,3,tesco,128.56,-1.0,Low Risk
709151315.0,19,0,9,1,tesco,160.42,-1.0,Medium Risk
709632525.0,0,6,24,9,justeat,34.94,-1.0,Medium Risk
709632525.0,8,5,5,8,tesco,82.42,-1.0,Low Risk
711045550.0,13,0,30,10,selfridges,255.5,-1.0,Medium Risk
712474734.0,2,2,6,9,deliveroo,27.93,-1.0,Low Risk
712474734.0,8,0,20,11,tesco,21.22,-1.0,Low Risk
713910252.0,8,5,23,9,tesco,85.07,-1.0,Low Risk
713910252.0,19,2,1,11,tesco,111.62,-1.0,Low Risk
713910252.0,20,1,28,11,tesco,74.53,-1.0,Low Risk
718058208.0,9,0,3,7,reebok,151.97,-1.0,Medium Risk
718058208.0,10,1,28,11,topshop,253.37,-1.0,Low Risk
718058208.0,14,4,17,3,matalan,327.59,-1.0,Medium Risk
718058208.0,18,3,2,2,tesco,159.22,-1.0,Medium Risk
719586818.0,20,1,2,5,tesco,146.29,-1.0,Low Risk
720742759.0,12,5,29,7,deliveroo,24.69,-1.0,Low Risk
720742759.0,17,4,30,6,tesco,277.92,-1.0,Medium Risk
722358036.0,20,6,16,7,justeat,19.75,-1.0,Low Risk
726913482.0,6,6,15,1,fatface,8.89,-1.0,Low Risk
726913482.0,19,0,27,2,tesco,138.91,-1.0,Low Risk
730002588.0,9,0,13,2,tesco,115.47,-1.0,Low Risk
730002588.0,18,2,25,1,sainsburylocal,98.58,-1.0,Medium Risk
734161378.0,12,0,12,6,tesco,106.55,-1.0,Low Risk
736340277.0,10,6,9,7,matalan,181.26,-1.0,Low Risk
736340277.0,17,4,1,12,lloydspharmacy,75.99,-1.0,High Risk
737547541.0,1,6,5,2,selfridges,3.94,-1.0,Low Risk
737547541.0,3,0,16,1,cooplocal,22.02,-1.0,Low Risk
737547541.0,12,0,30,10,tesco,110.96,-1.0,Low Risk
737547541.0,14,6,22,1,etsy,10.04,-1.0,Low Risk
738958551.0,8,0,2,1,tesco,78.14,-1.0,Low Risk
738958551.0,9,0,23,1,tesco,132.51,-1.0,Low Risk
738958551.0,18,5,6,5,matalan,232.4,-1.0,Low Risk
738958551.0,19,6,3,12,lloydspharmacy,5.48,-1.0,Low Risk
741903302.0,18,5,4,2,hobbylobby,63.97,-1.0,Low Risk
741903302.0,20,4,21,4,tesco,83.13,-1.0,Low Risk
744968736.0,3,5,9,9,deliveroo,12.95,-1.0,Low Risk
749371623.0,18,3,9,11,tesco,52.01,-1.0,Low Risk
749378808.0,11,4,7,4,fatface,338.08,-1.0,Medium Risk
749378808.0,15,1,2,5,matalan,179.16,-1.0,Low Risk
749378808.0,17,1,28,2,sportsdirect,82.23,-1.0,Low Risk
750898750.0,12,0,6,11,justeat,40.17,-1.0,Medium Risk
752362502.0,17,1,31,1,theworks,37.95,-1.0,Medium Risk
752362502.0,18,2,27,9,topshop,195.3,-1.0,Low Risk
752362502.0,22,2,31,5,lloydspharmacy,13.24,-1.0,Low Risk
753525749.0,8,0,6,3,sainsbury,118.72,-1.0,Low Risk
754141345.0,20,1,7,11,tesco,32.68,-1.0,Low Risk
758160963.0,3,6,1,10,topshop,14.14,-1.0,Low Risk
758160963.0,11,6,1,1,tesco,24.05,-1.0,Low Risk
758160963.0,18,1,18,4,matalan,277.2,-1.0,Low Risk
758160963.0,20,2,25,1,tesco,26.43,-1.0,Low Risk
758885184.0,5,1,21,11,justeat,36.35,-1.0,Medium Risk
760704118.0,2,2,3,5,justeat,13.24,-1.0,Low Risk
760704118.0,8,0,31,7,tesco,30.49,-1.0,Low Risk
760704118.0,13,5,2,12,tesco,75.96,-1.0,Low Risk
760704118.0,13,6,26,11,tesco,54.87,-1.0,Low Risk
760704118.0,18,5,28,10,tesco,105.04,-1.0,Low Risk
762785862.0,13,5,3,6,fatface,434.0,-1.0,Medium Risk
762896656.0,1,6,29,1,revella,20.32,-1.0,Low Risk
762896656.0,20,0,14,8,tesco,31.84,-1.0,Low Risk
762896656.0,20,5,7,1,tesco,59.14,-1.0,Low Risk
764450279.0,13,5,11,11,matalan,259.68,-1.0,Low Risk
764450279.0,18,1,28,3,tesco,121.61,-1.0,Low Risk
766812921.0,10,0,2,1,tesco,298.83,-1.0,High Risk
766812921.0,18,5,21,1,tesco,245.07,-1.0,Medium Risk
766812921.0,20,5,15,7,tesco,255.48,-1.0,Medium Risk
767447966.0,3,6,17,9,justeat,28.01,-1.0,Low Risk
767447966.0,6,5,2,9,amazon,2.0,-1.0,Low Risk
767447966.0,16,6,30,7,brilliantbrushes,6.01,-1.0,Low Risk
769311479.0,0,0,26,6,looselyfitted,5.33,-1.0,Low Risk
769311479.0,20,2,31,5,tesco,106.87,-1.0,Low Risk
769319491.0,5,1,28,2,deliveroo,24.64,-1.0,Low Risk
769319491.0,17,0,2,10,fittedstitch,129.97,-1.0,Low Risk
771125520.0,20,0,30,10,deliveroo,35.93,-1.0,Low Risk
773633520.0,12,0,27,11,tesco,108.85,-1.0,Low Risk
776108637.0,10,5,30,9,sportsdirect,164.98,-1.0,Low Risk
776108637.0,14,6,3,12,sportsdirect,51.98,-1.0,Low Risk
776108637.0,16,4,1,12,sportsdirect,140.98,-1.0,Low Risk
776108637.0,18,0,13,11,topshop,259.66,-1.0,Low Risk
779376323.0,1,1,4,4,amazon,3.94,-1.0,Low Risk
779816907.0,19,3,30,11,tesco,59.24,-1.0,Low Risk
779816907.0,20,0,30,10,tesco,25.2,-1.0,Low Risk
779946617.0,21,0,4,9,deliveroo,37.89,-1.0,Medium Risk
779946617.0,21,1,4,7,selfridges,15.39,-1.0,Low Risk
783650950.0,13,5,2,9,revella,282.79,-1.0,Medium Risk
785749304.0,7,6,26,11,fatface,72.58,-1.0,Low Risk
785749304.0,11,6,22,1,tesco,26.29,-1.0,Low Risk
785749304.0,15,6,8,1,tesco,12.36,-1.0,Low Risk
785749304.0,17,1,2,5,topshop,174.49,-1.0,Low Risk
786141370.0,15,6,29,1,sportsdirect,114.98,-1.0,Low Risk
786141370.0,20,0,29,5,sainsburylocal,24.29,-1.0,Low Risk
788740658.0,3,4,11,8,fatface,55.13,-1.0,Low Risk
788740658.0,9,1,31,1,gamestation,79.98,-1.0,Low Risk
788740658.0,17,6,3,9,fatface,204.4,-1.0,Low Risk
792845450.0,12,5,30,9,fatface,285.6,-1.0,Medium Risk
792845450.0,18,1,5,12,tesco,73.6,-1.0,Low Risk
793781222.0,4,4,30,6,justeat,25.24,-1.0,Low Risk
795847804.0,17,0,2,10,sportsdirect,100.27,-1.0,Low Risk
795847804.0,17,1,1,8,sportsdirect,152.59,-1.0,Low Risk
796709231.0,20,0,23,10,tesco,151.88,-1.0,Low Risk
797184978.0,3,0,23,1,fatface,44.99,-1.0,Low Risk
797184978.0,15,6,1,1,thecrown,6.5,-1.0,Low Risk
797184978.0,19,0,4,12,sainsburylocal,9.0,-1.0,Low Risk
799861885.0,1,0,27,11,deliveroo,46.45,-1.0,Medium Risk
802697323.0,12,6,5,2,fatface,298.12,-1.0,Medium Risk
802697323.0,14,6,26,11,topshop,166.6,-1.0,Low Risk
804317849.0,11,6,29,10,tesco,61.31,-1.0,Low Risk
804317849.0,20,1,28,11,tesco,94.43,-1.0,Low Risk
806358207.0,14,6,5,11,revella,289.8,-1.0,Medium Risk
806358207.0,20,4,31,3,tesco,121.67,-1.0,Low Risk
809499628.0,10,3,5,1,sportsdirect,141.97,-1.0,Low Risk
809499628.0,18,5,15,7,fatface,277.2,-1.0,Medium Risk
812692024.0,18,0,1,5,tesco,66.15,-1.0,Low Risk
815385232.0,18,3,5,1,tesco,92.34,-1.0,Low Risk
815993333.0,10,1,3,10,fatface,223.3,-1.0,Low Risk
815993333.0,10,5,26,8,fatface,262.5,-1.0,Low Risk
815993333.0,11,3,22,6,fittedstitch,357.7,-1.0,Medium Risk
815993333.0,12,5,25,11,fittedstitch,231.0,-1.0,Medium Risk
815993333.0,18,3,22,6,fatface,313.6,-1.0,Medium Risk
815993333.0,20,4,1,12,tesco,36.92,-1.0,Low Risk
816685391.0,4,5,9,9,deliveroo,13.49,-1.0,Low Risk
819515373.0,19,2,8,2,tesco,106.01,-1.0,Low Risk
820686957.0,12,6,22,1,tesco,139.29,-1.0,Low Risk
820686957.0,17,5,14,1,tesco,146.47,-1.0,Low Risk
820686957.0,21,1,29,8,justeat,18.48,-1.0,Low Risk
821971408.0,10,6,1,10,reebok,134.99,-1.0,Low Risk
821971408.0,22,0,2,1,thecrown,5.9,-1.0,Low Risk
822135975.0,0,0,4,12,revella,68.96,-1.0,Low Risk
822135975.0,0,6,30,4,amazon,79.94,-1.0,High Risk
822135975.0,13,5,4,3,looselyfitted,217.66,-1.0,Low Risk
822135975.0,17,0,30,1,theworks,35.95,-1.0,Medium Risk
822135975.0,18,1,31,1,hobbylobby,5.98,-1.0,Low Risk
822135975.0,20,0,2,10,tesco,89.5,-1.0,Low Risk
822250278.0,11,2,23,8,selfridges,361.2,-1.0,Medium Risk
822250278.0,15,0,1,5,tesco,116.05,-1.0,Low Risk
823208989.0,13,6,1,1,blackwell's,23.97,-1.0,Low Risk
824916823.0,0,0,4,12,matalan,49.77,-1.0,Low Risk
824916823.0,17,0,13,3,gamestation,149.97,-1.0,Low Risk
824916823.0,17,0,23,1,gamestation,119.97,-1.0,Low Risk
828532554.0,2,0,16,1,boots,3.9,-1.0,Low Risk
828532554.0,21,2,12,4,amazon,22.6,-1.0,Low Risk
828750680.0,0,6,6,8,deliveroo,47.64,-1.0,Medium Risk
828750680.0,9,0,19,6,tesco,160.86,-1.0,Medium Risk
828750680.0,10,6,29,1,gamestation,99.98,-1.0,Low Risk
828750680.0,11,6,8,1,tesco,180.51,-1.0,Medium Risk
828750680.0,15,2,29,11,tesco,143.54,-1.0,Low Risk
832564361.0,8,0,2,1,tesco,51.72,-1.0,Low Risk
832564361.0,14,6,25,6,topshop,292.6,-1.0,Medium Risk
832564361.0,17,1,31,1,tesco,46.32,-1.0,Low Risk
832564361.0,18,4,3,3,topshop,291.9,-1.0,Medium Risk
833499132.0,18,0,24,4,justeat,20.88,-1.0,Low Risk
833499132.0,20,0,6,3,tesco,117.43,-1.0,Low Risk
833899961.0,14,5,1,4,selfridges,223.0,-1.0,Medium Risk
834383043.0,0,1,31,1,deliveroo,22.23,-1.0,Low Risk
834383043.0,10,1,28,3,topshop,251.26,-1.0,Low Risk
834383043.0,14,1,31,10,topshop,229.59,-1.0,Low Risk
834383043.0,18,4,20,1,hobbylobby,85.97,-1.0,Low Risk
835736339.0,0,0,3,4,deliveroo,36.98,-1.0,Medium Risk
835736339.0,2,6,29,10,justeat,34.71,-1.0,Low Risk
835736339.0,9,5,15,4,sportsdirect,231.97,-1.0,Medium Risk
835736339.0,11,6,30,4,fatface,120.98,-1.0,Low Risk
835829467.0,14,0,2,1,costacoffee,6.7,-1.0,Low Risk
836110591.0,13,6,13,8,topshop,213.49,-1.0,Low Risk
836110591.0,17,1,31,1,wool,16.5,-1.0,Low Risk
836110591.0,17,2,1,11,topshop,213.49,-1.0,Low Risk
836110591.0,18,1,11,4,topshop,129.46,-1.0,Low Risk
836110591.0,18,3,21,9,sportsdirect,157.45,-1.0,Low Risk
836655156.0,2,6,17,9,gamestation,180.0,-1.0,Medium Risk
837876918.0,8,4,29,9,tesco,12.38,-1.0,Low Risk
837876918.0,16,6,12,11,sportsdirect,103.98,-1.0,Low Risk
837876918.0,19,0,8,5,tesco,151.06,-1.0,Low Risk
838830098.0,10,6,30,7,tesco,123.57,-1.0,Low Risk
842682241.0,9,2,3,5,tesco,130.31,-1.0,Low Risk
842682241.0,11,5,18,11,matalan,326.2,-1.0,Medium Risk
842682241.0,17,0,2,1,tesco,118.02,-1.0,Low Risk
842682241.0,19,0,31,7,tesco,111.64,-1.0,Low Risk
843174694.0,9,1,31,1,fivesensesart,70.97,-1.0,Low Risk
843174694.0,19,0,30,1,tesco,26.51,-1.0,Low Risk
843174694.0,19,1,24,1,tesco,127.8,-1.0,Low Risk
843537309.0,3,6,3,12,justeat,14.94,-1.0,Low Risk
844835978.0,1,0,13,3,justeat,20.25,-1.0,Low Risk
844835978.0,2,0,24,7,selfridges,38.72,-1.0,Low Risk
844835978.0,4,0,30,10,looselyfitted,0.32,-1.0,Low Risk
845648250.0,6,6,1,10,deliveroo,20.9,-1.0,Low Risk
846550094.0,12,6,3,12,revella,264.59,-1.0,Low Risk
846550094.0,18,1,31,1,hobbylobby,27.97,-1.0,Low Risk
849096144.0,10,2,11,1,tesco,166.82,-1.0,Medium Risk
849096144.0,11,1,3,1,tesco,134.18,-1.0,Low Risk
851181128.0,0,0,6,11,revella,0.61,-1.0,Low Risk
851181128.0,8,0,16,1,tesco,109.59,-1.0,Low Risk
851181128.0,9,0,13,3,tesco,279.03,-1.0,Medium Risk
851649498.0,0,0,20,11,sainsbury,14.3,-1.0,Low Risk
853907490.0,10,6,29,1,sainsburylocal,45.83,-1.0,Low Risk
853907490.0,13,6,3,12,sainsburylocal,65.28,-1.0,Low Risk
853907490.0,16,5,18,11,sportsdirect,95.2,-1.0,Low Risk
853907490.0,18,6,12,11,deliveroo,9.5,-1.0,Low Risk
853907490.0,21,2,29,11,justeat,14.2,-1.0,Low Risk
854513972.0,6,0,20,2,justeat,20.93,-1.0,Low Risk
854513972.0,9,2,1,2,sainsbury,135.96,-1.0,Low Risk
854895960.0,5,6,8,1,matalan,7.57,-1.0,Low Risk
854895960.0,18,0,2,1,tesco,180.64,-1.0,Medium Risk
856461967.0,9,0,30,1,tesco,165.58,-1.0,Medium Risk
856461967.0,9,2,29,11,tesco,108.67,-1.0,Low Risk
856461967.0,16,0,4,12,tesco,67.77,-1.0,Low Risk
856957948.0,14,6,30,4,topshop,308.69,-1.0,Medium Risk
857754342.0,6,0,13,11,amazon,9.25,-1.0,Low Risk
857997794.0,16,2,5,4,revella,316.4,-1.0,Medium Risk
857997794.0,17,3,18,5,revella,353.5,-1.0,Medium Risk
858560423.0,18,0,24,4,matalan,309.4,-1.0,Medium Risk
858989281.0,20,0,2,1,tesco,158.59,-1.0,Medium Risk
858989281.0,20,2,1,11,tesco,162.32,-1.0,Medium Risk
859264768.0,3,1,31,1,matalan,57.12,-1.0,Low Risk
859603181.0,1,0,6,11,fatface,54.72,-1.0,Low Risk
859603181.0,14,6,1,1,tesco,151.76,-1.0,Low Risk
865748375.0,14,0,4,12,revella,262.49,-1.0,Low Risk
865748375.0,19,3,5,1,tesco,86.74,-1.0,Low Risk
865748375.0,19,3,30,11,topshop,1.42,-1.0,Low Risk
865748375.0,23,5,21,1,looselyfitted,5.43,-1.0,Low Risk
866941383.0,9,1,31,1,gamestation,79.98,-1.0,Low Risk
867679563.0,13,6,29,10,tesco,25.23,-1.0,Low Risk
867679563.0,16,6,1,1,fatface,130.0,-1.0,Low Risk
868014990.0,11,6,1,1,theworks,23.97,-1.0,Low Risk
868014990.0,11,6,3,12,tesco,49.36,-1.0,Low Risk
868014990.0,18,1,4,4,tesco,125.37,-1.0,Low Risk
868377987.0,17,0,2,1,fatface,4.34,-1.0,Low Risk
868377987.0,18,0,4,9,fatface,141.75,-1.0,Low Risk
871200314.0,4,2,6,9,selfridges,8.36,-1.0,Low Risk
871866387.0,20,1,29,8,tesco,47.31,-1.0,Low Risk
873693307.0,0,6,22,10,fatface,74.65,-1.0,Low Risk
873693307.0,2,6,3,12,fittedstitch,65.48,-1.0,Low Risk
873693307.0,10,5,19,8,revella,291.88,-1.0,Medium Risk
873693307.0,14,6,1,1,thecrown,6.5,-1.0,Low Risk
873693307.0,18,0,16,10,matalan,196.69,-1.0,Low Risk
873693307.0,18,2,6,12,topshop,147.63,-1.0,Low Risk
873693307.0,20,0,2,1,tesco,89.6,-1.0,Low Risk
873693307.0,20,0,31,7,topshop,65.24,-1.0,Low Risk
873693307.0,20,3,30,11,fatface,0.14,-1.0,Low Risk
873701090.0,10,6,5,2,cex,149.97,-1.0,Low Risk
873701090.0,22,4,28,4,looselyfitted,31.7,-1.0,Low Risk
873701090.0,23,4,1,12,matalan,1.11,-1.0,Low Risk
874431242.0,8,0,23,1,tesco,146.09,-1.0,Low Risk
874431242.0,17,1,31,1,jdsports,55.99,-1.0,Low Risk
874431242.0,17,4,5,5,wool,220.24,-1.0,Medium Risk
874431242.0,20,0,30,1,tesco,115.63,-1.0,Low Risk
876890798.0,17,4,24,11,fatface,181.96,-1.0,Low Risk
879091637.0,16,0,6,11,sainsbury,249.35,-1.0,Medium Risk
880546403.0,12,6,1,10,revella,191.0,-1.0,Low Risk
885259672.0,2,5,7,1,fittedstitch,42.05,-1.0,Low Risk
885259672.0,4,1,2,5,sainsburylocal,68.6,-1.0,Low Risk
886837068.0,0,0,20,3,deliveroo,38.18,-1.0,Medium Risk
886837068.0,0,0,23,10,justeat,42.89,-1.0,Medium Risk
886837068.0,6,0,27,3,justeat,36.65,-1.0,Medium Risk
886837068.0,17,0,31,7,sportsdirect,131.98,-1.0,Low Risk
886921642.0,7,6,30,7,etsy,31.02,-1.0,Low Risk
886921642.0,9,0,4,12,sportsdirect,148.31,-1.0,Low Risk
886921642.0,16,6,12,2,sportsdirect,49.99,-1.0,Low Risk
886921642.0,20,6,1,10,topshop,0.1,-1.0,Low Risk
887853850.0,19,0,24,4,cooplocal,137.17,-1.0,Low Risk
887853850.0,19,2,8,3,cooplocal,141.16,-1.0,Medium Risk
887853850.0,20,0,9,1,tesco,131.37,-1.0,Low Risk
889916166.0,8,0,25,9,tesco,78.68,-1.0,Low Risk
890830949.0,4,2,1,11,deliveroo,23.2,-1.0,Low Risk
891513205.0,14,0,9,10,tesco,168.64,-1.0,Medium Risk
891716230.0,10,5,25,11,sportsdirect,249.97,-1.0,Medium Risk
893134725.0,6,1,30,5,deliveroo,18.9,-1.0,Low Risk
893134725.0,7,1,28,3,justeat,7.5,-1.0,Low Risk
895750759.0,3,6,26,3,justeat,40.64,-1.0,Medium Risk
897592348.0,18,0,2,1,tesco,61.98,-1.0,Low Risk
897714622.0,9,5,1,4,sportsdirect,134.99,-1.0,Low Risk
897714622.0,17,1,31,1,gamestation,49.99,-1.0,Low Risk
897714622.0,17,3,2,2,blackwell's,31.96,-1.0,Medium Risk
901432314.0,4,4,1,12,amazon,26.88,-1.0,Low Risk
901432314.0,5,6,12,11,lloydspharmacy,19.44,-1.0,Low Risk
901432314.0,16,1,5,12,revella,177.09,-1.0,Low Risk
901432314.0,17,3,6,4,fatface,233.09,-1.0,Low Risk
901432314.0,18,3,15,6,fatface,201.57,-1.0,Low Risk
902798190.0,0,0,2,10,justeat,29.29,-1.0,Low Risk
903953091.0,18,1,31,1,hobbylobby,56.98,-1.0,Low Risk
905860285.0,13,6,15,10,revella,271.6,-1.0,Medium Risk
907987693.0,9,5,28,1,tesco,113.44,-1.0,Low Risk
907987693.0,10,1,3,1,wool,170.81,-1.0,Medium Risk
907987693.0,19,2,8,3,tesco,153.46,-1.0,Low Risk
910730524.0,0,6,3,12,amazon,46.21,-1.0,Medium Risk
910730524.0,0,6,22,10,selfridges,40.37,-1.0,Low Risk
912584712.0,5,5,17,6,boots,9.75,-1.0,Low Risk
912584712.0,18,6,29,10,justeat,30.59,-1.0,Low Risk
912705941.0,2,0,6,2,tesco,2.56,-1.0,Low Risk
912705941.0,13,6,1,1,tesco,82.91,-1.0,Low Risk
913127700.0,15,6,1,10,sportsdirect,5.99,-1.0,Low Risk
915666111.0,10,6,1,1,tesco,140.51,-1.0,Low Risk
915666111.0,10,6,26,11,tesco,23.91,-1.0,Low Risk
915666111.0,14,6,1,1,hobbycraft,7.5,-1.0,Low Risk
916270283.0,8,0,24,4,tesco,107.49,-1.0,Low Risk
916270283.0,8,0,27,2,tesco,116.17,-1.0,Low Risk
916270283.0,8,1,28,3,tesco,137.77,-1.0,Low Risk
916270283.0,8,1,30,5,tesco,128.88,-1.0,Low Risk
920031185.0,9,0,2,1,sainsbury,83.93,-1.0,Low Risk
920031185.0,9,1,25,4,sainsbury,133.76,-1.0,Low Risk
920031185.0,19,2,12,4,sainsbury,154.43,-1.0,Medium Risk
923322792.0,10,0,9,1,tesco,148.37,-1.0,Low Risk
923322792.0,10,6,1,10,reebok,143.99,-1.0,Medium Risk
923322792.0,11,2,5,4,revella,319.0,-1.0,Medium Risk
924045955.0,9,5,3,6,sportsdirect,235.21,-1.0,Medium Risk
924045955.0,10,6,26,2,topshop,128.79,-1.0,Low Risk
924045955.0,17,1,25,7,fatface,184.48,-1.0,Low Risk
924045955.0,19,5,28,10,tesco,111.52,-1.0,Low Risk
925037906.0,4,4,22,9,justeat,25.2,-1.0,Low Risk
925037906.0,19,4,20,10,tesco,176.25,-1.0,Medium Risk
925659248.0,11,0,2,1,tesco,112.98,-1.0,Low Risk
925659248.0,13,3,2,11,tesco,85.88,-1.0,Low Risk
930271460.0,11,6,1,10,sportsdirect,22.0,-1.0,Low Risk
930271460.0,12,6,27,8,tesco,114.57,-1.0,Low Risk
930277104.0,21,5,2,12,deliveroo,35.79,-1.0,Low Risk
930277104.0,21,5,25,2,fatface,7.38,-1.0,Low Risk
933491926.0,4,5,25,11,revella,2.21,-1.0,Low Risk
936917570.0,10,6,27,8,tesco,17.53,-1.0,Low Risk
936917570.0,18,3,26,1,justeat,34.05,-1.0,Low Risk
940569402.0,17,6,10,9,revella,175.0,-1.0,Low Risk
940569402.0,18,0,16,10,matalan,140.0,-1.0,Low Risk
940569402.0,19,0,26,6,looselyfitted,78.89,-1.0,Low Risk
940569402.0,19,0,27,11,tesco,90.59,-1.0,Low Risk
943829984.0,4,6,30,7,boots,7.09,-1.0,Low Risk
945054126.0,19,0,16,1,sainsbury,58.85,-1.0,Low Risk
948558249.0,12,0,6,2,matalan,196.5,-1.0,Low Risk
948558249.0,17,3,28,9,topshop,277.2,-1.0,Medium Risk
948558249.0,18,0,20,11,revella,285.6,-1.0,Medium Risk
948558249.0,20,0,3,7,tesco,66.72,-1.0,Low Risk
949032480.0,11,6,19,2,gamestation,129.97,-1.0,Low Risk
949032480.0,17,2,25,1,gamestation,99.98,-1.0,Low Risk
950234174.0,16,4,2,6,fatface,339.5,-1.0,Medium Risk
950234174.0,17,0,3,7,revella,191.1,-1.0,Low Risk
951817450.0,5,5,2,12,amazon,55.31,-1.0,Medium Risk
951817450.0,8,1,3,1,tesco,26.15,-1.0,Low Risk
951817450.0,12,6,15,10,topshop,321.26,-1.0,Medium Risk
951817450.0,17,2,31,5,fatface,182.66,-1.0,Low Risk
954263768.0,18,5,7,1,fatface,201.0,-1.0,Low Risk
956717493.0,17,6,29,10,fatface,206.5,-1.0,Low Risk
956717493.0,19,6,2,7,deliveroo,7.5,-1.0,Low Risk
957821152.0,3,1,21,3,justeat,27.25,-1.0,Low Risk
960208650.0,20,6,2,7,amazon,6.61,-1.0,Low Risk
961077907.0,19,1,5,12,tesco,148.93,-1.0,Low Risk
962295212.0,20,1,24,1,tesco,201.34,-1.0,Medium Risk
964702094.0,4,5,4,11,sainsbury,30.35,-1.0,Low Risk
964702094.0,5,4,2,6,amazon,23.57,-1.0,Low Risk
964702094.0,16,5,25,11,sportsdirect,9.99,-1.0,Low Risk
964702094.0,21,6,1,1,thecrown,5.9,-1.0,Low Risk
964913066.0,10,6,1,1,wool,26.97,-1.0,Low Risk
969804197.0,21,2,24,5,justeat,38.64,-1.0,Medium Risk
970298834.0,2,0,2,1,looselyfitted,10.48,-1.0,Low Risk
970298834.0,3,0,31,7,matalan,6.43,-1.0,Low Risk
970298834.0,3,6,3,12,amazon,5.57,-1.0,Low Risk
971010829.0,9,0,9,10,tesco,69.35,-1.0,Low Risk
971010829.0,17,3,9,11,fatface,138.99,-1.0,Low Risk
971129830.0,12,1,3,1,tesco,116.83,-1.0,Low Risk
971129830.0,13,6,10,9,tesco,60.64,-1.0,Low Risk
973086490.0,10,5,11,3,topshop,239.37,-1.0,Low Risk
975345315.0,6,6,1,10,sainsburylocal,84.74,-1.0,Low Risk
977899503.0,9,4,1,12,stitchbystitch,42.54,-1.0,Low Risk
978410962.0,16,6,1,1,theworks,4.99,-1.0,Low Risk
978951113.0,15,6,1,1,tesco,261.42,-1.0,Medium Risk
978951113.0,18,2,3,5,tesco,313.69,-1.0,High Risk
979135922.0,8,5,28,10,tesco,36.65,-1.0,Low Risk
979135922.0,19,3,30,11,tesco,48.77,-1.0,Low Risk
979892433.0,20,0,4,12,tesco,75.13,-1.0,Low Risk
980500334.0,1,6,12,11,justeat,25.39,-1.0,Low Risk
980500334.0,9,4,31,3,sportsdirect,159.97,-1.0,Low Risk
980500334.0,19,1,28,11,tesco,12.73,-1.0,Low Risk
984783496.0,16,1,17,10,fatface,223.27,-1.0,Low Risk
984783496.0,19,2,18,1,tesco,103.14,-1.0,Low Risk
985188462.0,2,4,13,1,sainsburylocal,0.08,-1.0,Low Risk
985188462.0,16,5,2,12,revella,149.77,-1.0,Low Risk
985188462.0,19,4,27,1,sainsburylocal,0.92,-1.0,Low Risk
986267641.0,19,0,4,12,tesco,79.53,-1.0,Low Risk
986774156.0,0,0,24,7,lloydspharmacy,32.69,-1.0,Medium Risk
987163717.0,17,1,28,11,sportsdirect,154.93,-1.0,Low Risk
987229118.0,0,0,23,10,selfridges,81.32,-1.0,Low Risk
987390838.0,4,5,6,5,deliveroo,32.21,-1.0,Low Risk
987390838.0,6,5,29,4,deliveroo,44.04,-1.0,Medium Risk
987656636.0,10,0,1,5,matalan,222.6,-1.0,Low Risk
987656636.0,10,3,17,8,topshop,441.0,-1.0,High Risk
987656636.0,11,0,1,5,matalan,195.3,-1.0,Low Risk
987656636.0,16,0,24,7,topshop,232.4,-1.0,Low Risk
987656636.0,20,6,1,1,rose&crown,8.0,-1.0,Medium Risk
989506909.0,19,0,24,4,tesco,132.73,-1.0,Low Risk
990461108.0,1,0,22,5,justeat,25.45,-1.0,Low Risk
990461108.0,17,0,2,1,matalan,239.0,-1.0,Low Risk
993039226.0,19,0,23,10,tesco,52.59,-1.0,Low Risk
993238248.0,20,1,11,7,tesco,284.19,-1.0,High Risk
993663752.0,15,0,13,11,tesco,154.91,-1.0,Medium Risk
994214354.0,11,6,14,5,fatface,264.56,-1.0,Low Risk
994214354.0,13,6,15,1,gamestation,79.98,-1.0,Low Risk
994214354.0,17,3,2,2,gamestation,99.98,-1.0,Low Risk
994214354.0,17,6,7,5,fatface,216.99,-1.0,Low Risk
995615876.0,4,6,8,10,justeat,32.88,-1.0,Low Risk
995615876.0,18,6,12,11,matalan,249.9,-1.0,Low Risk
995615876.0,22,6,1,1,thecrown,9.5,-1.0,Medium Risk
996042490.0,3,5,28,1,justeat,35.24,-1.0,Medium Risk
998390769.0,3,1,17,10,justeat,20.94,-1.0,Low Risk
999752672.0,19,3,30,11,tesco,142.52,-1.0,Low Risk
